via,numero_de_la_via,via,cruce_1,via,cruce_2,direccion_completa,precio,zona,kilometros
Calle,5,Avenida,40,Avenida,42,Calle 5 entre Avenida 40 y Avenida 42,440,Reina,3.4
Calle,7,Avenida,36,Avenida,38,Calle 7 entre Avenida 36 y Avenida 38,430,Reina,3.3
Calle,7,Avenida,38,Avenida,40,Calle 7 entre Avenida 38 y Avenida 40,420,Reina,3.2
Calle,7,Avenida,40,Avenida,42,Calle 7 entre Avenida 40 y Avenida 42,410,Reina,3.1
Calle,7,Avenida,42,Avenida,44,Calle 7 entre Avenida 42 y Avenida 44,400,Reina,3
Calle,7,Avenida,44,Avenida,46,Calle 7 entre Avenida 44 y Avenida 46,390,Reina,2.9
Calle,7,Avenida,46,Avenida,48,Calle 7 entre Avenida 46 y Avenida 48,380,Reina,2.8
Calle,7,Avenida,48,Avenida,50,Calle 7 entre Avenida 48 y Avenida 50,380,Reina,2.8
Calle,7,Avenida,50,Avenida,52,Calle 7 entre Avenida 50 y Avenida 52,390,Reina,2.9
Calle,7A,Avenida,46,Avenida,48,Calle 7A entre Avenida 46 y Avenida 48,380,Reina,2.8
Calle,7A,Avenida,48,Avenida,50,Calle 7A entre Avenida 48 y Avenida 50,390,Reina,2.9
Calle,9,Avenida,34,Avenida,36,Calle 9 entre Avenida 34 y Avenida 36,420,Reina,3.2
Calle,9,Avenida,36,Avenida,38,Calle 9 entre Avenida 36 y Avenida 38,410,Reina,3.1
Calle,9,Avenida,38,Avenida,40,Calle 9 entre Avenida 38 y Avenida 40,400,Reina,3
Calle,9,Avenida,40,Avenida,42,Calle 9 entre Avenida 40 y Avenida 42,390,Reina,2.9
Calle,9,Avenida,42,Avenida,44,Calle 9 entre Avenida 42 y Avenida 44,380,Reina,2.8
Calle,9,Avenida,44,Avenida,46,Calle 9 entre Avenida 44 y Avenida 46,370,Reina,2.7
Calle,9,Avenida,50,Avenida,52,Calle 9 entre Avenida 50 y Avenida 52,370,Reina,2.7
Calle,9,Avenida,52,Avenida,54,Calle 9 entre Avenida 52 y Avenida 54,380,Reina,2.8
Calle,9,Avenida,54,Avenida,56,Calle 9 entre Avenida 54 y Avenida 56,390,Reina,2.9
Calle,9,Avenida,56,Avenida,58,Calle 9 entre Avenida 56 y Avenida 58,400,Reina,3
Calle,9A,Avenida,46,Avenida,48,Calle 9A entre Avenida 46 y Avenida 48,360,Reina,2.6
Calle,9A,Avenida,48,Avenida,50,Calle 9A entre Avenida 48 y Avenida 50,360,Reina,2.6
Calle,9A,Avenida,52,Avenida,54,Calle 9A entre Avenida 52 y Avenida 54,390,Reina,2.9
Calle,9A,Avenida,54,Avenida,56,Calle 9A entre Avenida 54 y Avenida 56,410,Reina,3.1
Calle,9A,Avenida,56,Avenida,58,Calle 9A entre Avenida 56 y Avenida 58,420,Reina,3.2
Calle,11,Avenida,38,Avenida,40,Calle 11 entre Avenida 38 y Avenida 40,390,Reina,2.9
Calle,11,Avenida,40,Avenida,42,Calle 11 entre Avenida 40 y Avenida 42,380,Reina,2.8
Calle,11,Avenida,42,Avenida,44,Calle 11 entre Avenida 42 y Avenida 44,370,Reina,2.7
Calle,11,Avenida,44,Avenida,46,Calle 11 entre Avenida 44 y Avenida 46,360,Reina,2.6
Calle,11,Avenida,46,Avenida,48,Calle 11 entre Avenida 46 y Avenida 48,350,Reina,2.5
Calle,11,Avenida,48,Avenida,50,Calle 11 entre Avenida 48 y Avenida 50,350,Reina,2.5
Calle,11,Avenida,50,Avenida,52,Calle 11 entre Avenida 50 y Avenida 52,360,Reina,2.6
Calle,13,Avenida,42,Avenida,44,Calle 13 entre Avenida 42 y Avenida 44,360,Reina,2.6
Calle,13,Avenida,44,Avenida,46,Calle 13 entre Avenida 44 y Avenida 46,350,Reina,2.5
Calle,13,Avenida,46,Avenida,48,Calle 13 entre Avenida 46 y Avenida 48,340,Reina,2.4
Calle,13,Avenida,48,Avenida,50,Calle 13 entre Avenida 48 y Avenida 50,340,Reina,2.4
Calle,13,Avenida,50,Avenida,52,Calle 13 entre Avenida 50 y Avenida 52,350,Reina,2.5
Calle,15,Avenida,44,Avenida,46,Calle 15 entre Avenida 44 y Avenida 46,340,Reina,2.4
Calle,15,Avenida,46,Avenida,48,Calle 15 entre Avenida 46 y Avenida 48,330,Reina,2.3
Calle,15,Avenida,48,Avenida,50,Calle 15 entre Avenida 48 y Avenida 50,330,Reina,2.3
Calle,15,Avenida,50,Avenida,52,Calle 15 entre Avenida 50 y Avenida 52,340,Reina,2.4
Calle,15,Avenida,52,Avenida,54,Calle 15 entre Avenida 52 y Avenida 54,350,Reina,2.5
Calle,17,Avenida,44,Avenida,46,Calle 17 entre Avenida 44 y Avenida 46,320,Reina,2.2
Calle,17,Avenida,46,Avenida,48,Calle 17 entre Avenida 46 y Avenida 48,310,Reina,2.1
Calle,17,Avenida,48,Avenida,50,Calle 17 entre Avenida 48 y Avenida 50,310,Reina,2.1
Calle,17,Avenida,50,Avenida,52,Calle 17 entre Avenida 50 y Avenida 52,320,Reina,2.2
Calle,17,Avenida,52,Avenida,54,Calle 17 entre Avenida 52 y Avenida 54,330,Reina,2.3
Calle,19,Avenida,44,Avenida,46,Calle 19 entre Avenida 44 y Avenida 46,290,Reina,1.9
Calle,19,Avenida,46,Avenida,48,Calle 19 entre Avenida 46 y Avenida 48,300,Reina,2
Calle,19,Avenida,48,Avenida,50,Calle 19 entre Avenida 48 y Avenida 50,300,Reina,2
Calle,19,Avenida,50,Avenida,52,Calle 19 entre Avenida 50 y Avenida 52,310,Reina,2.1
Calle,19,Avenida,52,Avenida,54,Calle 19 entre Avenida 52 y Avenida 54,320,Reina,2.2
Calle,19,Avenida,54,Avenida,56,Calle 19 entre Avenida 54 y Avenida 56,330,Reina,2.3
Calle,19,Avenida,56,Avenida,58,Calle 19 entre Avenida 56 y Avenida 58,340,Reina,2.4
Calle,21,Avenida,46,Avenida,48,Calle 21 entre Avenida 46 y Avenida 48,310,Casco Historico,2.1
Calle,21,Avenida,48,Avenida,50,Calle 21 entre Avenida 48 y Avenida 50,310,Casco Historico,2.1
Calle,21,Avenida,50,Avenida,52,Calle 21 entre Avenida 50 y Avenida 52,320,Casco Historico,2.2
Calle,21,Avenida,52,Avenida,54,Calle 21 entre Avenida 52 y Avenida 54,330,Casco Historico,2.3
Calle,21,Avenida,54,Avenida,56,Calle 21 entre Avenida 54 y Avenida 56,340,Casco Historico,2.4
Calle,21,Avenida,56,Avenida,58,Calle 21 entre Avenida 56 y Avenida 58,350,Casco Historico,2.5
Calle,21,Avenida,58,Avenida,60,Calle 21 entre Avenida 58 y Avenida 60,360,Casco Historico,2.6
Calle,21,Avenida,60,Avenida,62,Calle 21 entre Avenida 60 y Avenida 62,370,Casco Historico,2.7
Calle,23,Avenida,46,Avenida,48,Calle 23 entre Avenida 46 y Avenida 48,300,Casco Historico,2
Calle,23,Avenida,48,Avenida,50,Calle 23 entre Avenida 48 y Avenida 50,300,Casco Historico,2
Calle,23,Avenida,50,Avenida,52,Calle 23 entre Avenida 50 y Avenida 52,310,Casco Historico,2.1
Calle,23,Avenida,52,Avenida,54,Calle 23 entre Avenida 52 y Avenida 54,320,Casco Historico,2.2
Calle,23,Avenida,54,Avenida,56,Calle 23 entre Avenida 54 y Avenida 56,330,Casco Historico,2.3
Calle,23,Avenida,56,Avenida,58,Calle 23 entre Avenida 56 y Avenida 58,340,Casco Historico,2.4
Calle,23,Avenida,58,Avenida,60,Calle 23 entre Avenida 58 y Avenida 60,350,Casco Historico,2.5
Calle,23,Avenida,60,Avenida,62,Calle 23 entre Avenida 60 y Avenida 62,360,Casco Historico,2.6
Calle,25,Avenida,46,Avenida,48,Calle 25 entre Avenida 46 y Avenida 48,280,Casco Historico,1.8
Calle,25,Avenida,48,Avenida,50,Calle 25 entre Avenida 48 y Avenida 50,280,Casco Historico,1.8
Calle,25,Avenida,50,Avenida,52,Calle 25 entre Avenida 50 y Avenida 52,290,Casco Historico,1.9
Calle,25,Avenida,52,Avenida,54,Calle 25 entre Avenida 52 y Avenida 54,300,Casco Historico,2
Calle,25,Avenida,54,Avenida,56,Calle 25 entre Avenida 54 y Avenida 56,310,Casco Historico,2.1
Calle,25,Avenida,56,Avenida,58,Calle 25 entre Avenida 56 y Avenida 58,320,Casco Historico,2.2
Calle,25,Avenida,58,Avenida,60,Calle 25 entre Avenida 58 y Avenida 60,330,Casco Historico,2.3
Calle,25,Avenida,60,Avenida,62,Calle 25 entre Avenida 60 y Avenida 62,340,Casco Historico,2.4
Calle,25A,Avenida,82A,Avenida,82B,Calle 25A entre Avenida 82A y Avenida 82B,530,Pastorita,4.3
Calle,27,Avenida,46,Avenida,48,Calle 27 entre Avenida 46 y Avenida 48,260,Casco Historico,1.6
Calle,27,Avenida,48,Avenida,50,Calle 27 entre Avenida 48 y Avenida 50,260,Casco Historico,1.6
Calle,27,Avenida,50,Avenida,52,Calle 27 entre Avenida 50 y Avenida 52,270,Casco Historico,1.7
Calle,27,Avenida,52,Avenida,54,Calle 27 entre Avenida 52 y Avenida 54,280,Casco Historico,1.8
Calle,27,Avenida,56,Avenida,58,Calle 27 entre Avenida 56 y Avenida 58,290,Casco Historico,1.9
Calle,27,Avenida,58,Avenida,60,Calle 27 entre Avenida 58 y Avenida 60,300,Casco Historico,2
Calle,27,Avenida,60,Avenida,62,Calle 27 entre Avenida 60 y Avenida 62,310,Casco Historico,2.1
Calle,27,Avenida,82A,Avenida,82B,Calle 27 entre Avenida 82A y Avenida 82B,530,Pastorita,4.3
Calle,27,Avenida,82B,Avenida,84,Calle 27 entre Avenida 82B y Avenida 84,540,Pastorita,4.4
Calle,29,Avenida,46,Avenida,48,Calle 29 entre Avenida 46 y Avenida 48,260,Casco Historico,1.6
Calle,29,Avenida,48,Avenida,50,Calle 29 entre Avenida 48 y Avenida 50,260,Casco Historico,1.6
Calle,29,Avenida,50,Avenida,52,Calle 29 entre Avenida 50 y Avenida 52,270,Casco Historico,1.7
Calle,29,Avenida,52,Avenida,54,Calle 29 entre Avenida 52 y Avenida 54,280,Casco Historico,1.8
Calle,29,Avenida,54,Avenida,56,Calle 29 entre Avenida 54 y Avenida 56,290,Casco Historico,1.9
Calle,29,Avenida,56,Avenida,58,Calle 29 entre Avenida 56 y Avenida 58,300,Casco Historico,2
Calle,29,Avenida,58,Avenida,60,Calle 29 entre Avenida 58 y Avenida 60,310,Casco Historico,2.1
Calle,29,Avenida,60,Avenida,62,Calle 29 entre Avenida 60 y Avenida 62,320,Casco Historico,2.2
Calle,29,Avenida,62,Avenida,64,Calle 29 entre Avenida 62 y Avenida 64,330,Casco Historico,2.3
Calle,29,Avenida,66,Avenida,68,Calle 29 entre Avenida 66 y Avenida 68,340,Punta Gotica,2.4
Calle,29,Calle,31,Avenida,84,Calle 29 entre Calle 31 y Avenida 84,550,Pastorita,4.5
Calle,29,Avenida,84A,Avenida,90,Calle 29 entre Avenida 84A y Avenida 90,530,Pastorita,4.3
Calle,29,Avenida,90,Calle,CARRETERA DEL PUERTO,Calle 29 entre Avenida 90 y Calle CARRETERA DEL PUERTO,580,Pastorita,4.8
Calle,31,Avenida,46,Avenida,48,Calle 31 entre Avenida 46 y Avenida 48,240,Casco Historico,1.4
Calle,31,Avenida,48,Avenida,50,Calle 31 entre Avenida 48 y Avenida 50,240,Casco Historico,1.4
Calle,31,Avenida,50,Avenida,52,Calle 31 entre Avenida 50 y Avenida 52,250,Casco Historico,1.5
Calle,31,Avenida,52,Avenida,54,Calle 31 entre Avenida 52 y Avenida 54,260,Casco Historico,1.6
Calle,31,Avenida,54,Avenida,56,Calle 31 entre Avenida 54 y Avenida 56,270,Casco Historico,1.7
Calle,31,Avenida,56,Avenida,58,Calle 31 entre Avenida 56 y Avenida 58,280,Casco Historico,1.8
Calle,31,Avenida,58,Avenida,60,Calle 31 entre Avenida 58 y Avenida 60,290,Casco Historico,1.9
Calle,31,Avenida,60,Avenida,62,Calle 31 entre Avenida 60 y Avenida 62,300,Casco Historico,2
Calle,31,Avenida,62,Avenida,64,Calle 31 entre Avenida 62 y Avenida 64,310,Casco Historico,2.1
Calle,31,Avenida,64,Avenida,66,Calle 31 entre Avenida 64 y Avenida 66,320,Punta Gotica,2.2
Calle,31,Avenida,66,Avenida,68,Calle 31 entre Avenida 66 y Avenida 68,330,Punta Gotica,2.3
Calle,31,Avenida,68,Avenida,70,Calle 31 entre Avenida 68 y Avenida 70,340,Punta Gotica,2.4
Calle,31,Avenida,29,Avenida,84,Calle 31 entre Avenida 29 y Avenida 84,550,Pastorita,4.5
Calle,31,Avenida,84,Avenida,86,Calle 31 entre Avenida 84 y Avenida 86,560,Pastorita,4.6
Calle,31,Avenida,86,Avenida,88,Calle 31 entre Avenida 86 y Avenida 88,570,Pastorita,4.7
Calle,31,Avenida,88,Avenida,90,Calle 31 entre Avenida 88 y Avenida 90,580,Pastorita,4.8
Calle,31,Avenida,90,Calle,CARRETERA DEL PUERTO,Calle 31 entre Avenida 90 y Calle CARRETERA DEL PUERTO,590,Pastorita,4.9
Calle,33,Avenida,2,Avenida,4,Calle 33 entre Avenida 2 y Avenida 4,220,Punta Gorda,1.2
Calle,33,Avenida,40,Avenida,42,Calle 33 entre Avenida 40 y Avenida 42,230,Casco Historico,1.3
Calle,33,Avenida,42,Avenida,44,Calle 33 entre Avenida 42 y Avenida 44,240,Casco Historico,1.4
Calle,33,Avenida,46,Avenida,48,Calle 33 entre Avenida 46 y Avenida 48,250,Casco Historico,1.5
Calle,33,Avenida,48,Avenida,50,Calle 33 entre Avenida 48 y Avenida 50,250,Casco Historico,1.5
Calle,33,Avenida,50,Avenida,52,Calle 33 entre Avenida 50 y Avenida 52,260,Casco Historico,1.6
Calle,33,Avenida,52,Avenida,54,Calle 33 entre Avenida 52 y Avenida 54,270,Casco Historico,1.7
Calle,33,Avenida,54,Avenida,56,Calle 33 entre Avenida 54 y Avenida 56,280,Casco Historico,1.8
Calle,33,Avenida,56,Avenida,58,Calle 33 entre Avenida 56 y Avenida 58,290,Casco Historico,1.9
Calle,33,Avenida,58,Avenida,60,Calle 33 entre Avenida 58 y Avenida 60,300,Casco Historico,2
Calle,33,Avenida,60,Avenida,62,Calle 33 entre Avenida 60 y Avenida 62,310,Casco Historico,2.1
Calle,33,Avenida,62,Avenida,64,Calle 33 entre Avenida 62 y Avenida 64,320,Casco Historico,2.2
Calle,33,Avenida,64,Avenida,66,Calle 33 entre Avenida 64 y Avenida 66,330,Punta Gotica,2.3
Calle,33,Avenida,66,Avenida,68,Calle 33 entre Avenida 66 y Avenida 68,340,Punta Gotica,2.4
Calle,33,Avenida,68,Avenida,70,Calle 33 entre Avenida 68 y Avenida 70,350,Punta Gotica,2.5
Calle,33,Avenida,70,Avenida,72,Calle 33 entre Avenida 70 y Avenida 72,360,Punta Gotica,2.6
Calle,33,Avenida,72,Avenida,74,Calle 33 entre Avenida 72 y Avenida 74,370,Punta Gotica,2.7
Calle,33A,Calle,33,Avenida,84,Calle 33A entre Calle 33 y Avenida 84,530,Pastorita,4.3
Calle,33A,Avenida,84,Avenida,86,Calle 33A entre Avenida 84 y Avenida 86,550,Pastorita,4.5
Calle,33A,Avenida,86,Avenida,88,Calle 33A entre Avenida 86 y Avenida 88,550,Pastorita,4.5
Calle,33,Avenida,82,Calle,33A,Calle 33 entre Avenida 82 y Calle 33A,520,Pastorita,4.2
Calle,33,Calle,33A,Avenida,84,Calle 33 entre Calle 33A y Avenida 84,520,Pastorita,4.2
Calle,35,Avenida,0,Avenida,litoral,Calle 35 entre Avenida 0 y Avenida litoral,500,Litoral,4
Calle,35,Avenida,0,Avenida,2,Calle 35 entre Avenida 0 y Avenida 2,440,Punta Gorda,3.4
Calle,35,Avenida,2,Avenida,4,Calle 35 entre Avenida 2 y Avenida 4,430,Punta Gorda,3.3
Calle,35,Avenida,4,Avenida,6,Calle 35 entre Avenida 4 y Avenida 6,420,Punta Gorda,3.2
Calle,35,Avenida,6,Avenida,8,Calle 35 entre Avenida 6 y Avenida 8,410,Punta Gorda,3.1
Calle,35,Avenida,12,Avenida,14,Calle 35 entre Avenida 12 y Avenida 14,380,Punta Gorda,2.8
Calle,35,Avenida,14,Avenida,16,Calle 35 entre Avenida 14 y Avenida 16,370,Punta Gorda,2.7
Calle,35,Avenida,16,Avenida,18,Calle 35 entre Avenida 16 y Avenida 18,360,Punta Gorda,2.6
Calle,35,Avenida,18,Avenida,20,Calle 35 entre Avenida 18 y Avenida 20,350,Punta Gorda,2.5
Calle,35,Avenida,20,Avenida,22,Calle 35 entre Avenida 20 y Avenida 22,330,Punta Gorda,2.3
Calle,35,Avenida,38,Avenida,40,Calle 35 entre Avenida 38 y Avenida 40,220,Casco Historico,1.2
Calle,35,Avenida,40,Avenida,42,Calle 35 entre Avenida 40 y Avenida 42,220,Casco Historico,1.2
Calle,35,Avenida,42,Avenida,44,Calle 35 entre Avenida 42 y Avenida 44,230,Casco Historico,1.3
Calle,35,Avenida,44,Avenida,46,Calle 35 entre Avenida 44 y Avenida 46,240,Casco Historico,1.4
Calle,35,Avenida,46,Avenida,48,Calle 35 entre Avenida 46 y Avenida 48,250,Casco Historico,1.5
Calle,35,Avenida,48,Avenida,50,Calle 35 entre Avenida 48 y Avenida 50,260,Casco Historico,1.6
Calle,35,Avenida,50,Avenida,52,Calle 35 entre Avenida 50 y Avenida 52,270,Casco Historico,1.7
Calle,35,Avenida,52,Avenida,54,Calle 35 entre Avenida 52 y Avenida 54,280,Casco Historico,1.8
Calle,35,Avenida,54,Avenida,56,Calle 35 entre Avenida 54 y Avenida 56,290,Casco Historico,1.9
Calle,35,Avenida,56,Avenida,58,Calle 35 entre Avenida 56 y Avenida 58,300,Casco Historico,2
Calle,35,Avenida,58,Avenida,60,Calle 35 entre Avenida 58 y Avenida 60,310,Casco Historico,2.1
Calle,35,Avenida,60,Avenida,62,Calle 35 entre Avenida 60 y Avenida 62,320,Casco Historico,2.2
Calle,35,Avenida,62,Avenida,64,Calle 35 entre Avenida 62 y Avenida 64,330,Casco Historico,2.3
Calle,35,Avenida,64,Avenida,66,Calle 35 entre Avenida 64 y Avenida 66,340,Punta Gotica,2.4
Calle,35,Avenida,66,Avenida,68,Calle 35 entre Avenida 66 y Avenida 68,350,Punta Gotica,2.5
Calle,35,Avenida,68,Avenida,70,Calle 35 entre Avenida 68 y Avenida 70,360,Punta Gotica,2.6
Calle,35,Avenida,70,Avenida,72,Calle 35 entre Avenida 70 y Avenida 72,370,Punta Gotica,2.7
Calle,35,Avenida,72,Avenida,74,Calle 35 entre Avenida 72 y Avenida 74,380,Punta Gotica,2.8
Calle,35,Avenida,82,Avenida,84,Calle 35 entre Avenida 82 y Avenida 84,510,Pastorita,4.1
Calle,35,Avenida,84,Avenida,86,Calle 35 entre Avenida 84 y Avenida 86,530,Pastorita,4.3
Calle,35,Avenida,86,Avenida,88,Calle 35 entre Avenida 86 y Avenida 88,540,Pastorita,4.4
Calle,35,Avenida,88,Avenida,90,Calle 35 entre Avenida 88 y Avenida 90,560,Pastorita,4.6
Calle,37,Avenida,0,Avenida,2,Calle 37 entre Avenida 0 y Avenida 2,420,Punta Gorda,3.2
Calle,37,Avenida,2,Avenida,4,Calle 37 entre Avenida 2 y Avenida 4,410,Punta Gorda,3.1
Calle,37,Avenida,4,Avenida,6,Calle 37 entre Avenida 4 y Avenida 6,400,Punta Gorda,3
Calle,37,Avenida,6,Avenida,8,Calle 37 entre Avenida 6 y Avenida 8,390,Punta Gorda,2.9
Calle,37,Avenida,8,Avenida,10,Calle 37 entre Avenida 8 y Avenida 10,380,Punta Gorda,2.8
Calle,37,Avenida,10,Avenida,12,Calle 37 entre Avenida 10 y Avenida 12,370,Punta Gorda,2.7
Calle,37,Avenida,12,Avenida,14,Calle 37 entre Avenida 12 y Avenida 14,360,Punta Gorda,2.6
Calle,37,Avenida,14,Avenida,16,Calle 37 entre Avenida 14 y Avenida 16,350,Punta Gorda,2.5
Calle,37,Avenida,16,Avenida,18,Calle 37 entre Avenida 16 y Avenida 18,340,Punta Gorda,2.4
Calle,37,Avenida,18,Avenida,20,Calle 37 entre Avenida 18 y Avenida 20,330,Punta Gorda,2.3
Calle,37,Avenida,20,Avenida,22,Calle 37 entre Avenida 20 y Avenida 22,320,Punta Gorda,2.2
Calle,37,Avenida,22,Avenida,24,Calle 37 entre Avenida 22 y Avenida 24,310,Casco Historico,2.1
Calle,37,Avenida,24,Avenida,26,Calle 37 entre Avenida 24 y Avenida 26,300,Casco Historico,2
Calle,37,Avenida,26,Avenida,28,Calle 37 entre Avenida 26 y Avenida 28,290,Casco Historico,1.9
Calle,37,Avenida,28,Avenida,30,Calle 37 entre Avenida 28 y Avenida 30,280,Casco Historico,1.8
Calle,37,Avenida,30,Avenida,32,Calle 37 entre Avenida 30 y Avenida 32,270,Casco Historico,1.7
Calle,37,Avenida,32,Avenida,34,Calle 37 entre Avenida 32 y Avenida 34,260,Casco Historico,1.6
Calle,37,Avenida,34,Avenida,36,Calle 37 entre Avenida 34 y Avenida 36,250,Casco Historico,1.5
Calle,37,Avenida,36,Avenida,38,Calle 37 entre Avenida 36 y Avenida 38,240,Casco Historico,1.4
Calle,37,Avenida,38,Avenida,40,Calle 37 entre Avenida 38 y Avenida 40,230,Casco Historico,1.3
Calle,37,Avenida,40,Avenida,42,Calle 37 entre Avenida 40 y Avenida 42,220,Casco Historico,1.2
Calle,37,Avenida,42,Avenida,44,Calle 37 entre Avenida 42 y Avenida 44,220,Casco Historico,1.2
Calle,37,Avenida,44,Avenida,46,Calle 37 entre Avenida 44 y Avenida 46,230,Casco Historico,1.3
Calle,37,Avenida,46,Avenida,48,Calle 37 entre Avenida 46 y Avenida 48,240,Casco Historico,1.4
Calle,37,Avenida,48,Avenida,50,Calle 37 entre Avenida 48 y Avenida 50,250,Casco Historico,1.5
Calle,37,Avenida,50,Avenida,52,Calle 37 entre Avenida 50 y Avenida 52,260,Casco Historico,1.6
Calle,37,Avenida,52,Avenida,54,Calle 37 entre Avenida 52 y Avenida 54,270,Casco Historico,1.7
Calle,37,Avenida,54,Avenida,56,Calle 37 entre Avenida 54 y Avenida 56,280,Casco Historico,1.8
Calle,37,Avenida,56,Avenida,58,Calle 37 entre Avenida 56 y Avenida 58,290,Casco Historico,1.9
Calle,37,Avenida,58,Avenida,60,Calle 37 entre Avenida 58 y Avenida 60,300,Casco Historico,2
Calle,37,Avenida,60,Avenida,62,Calle 37 entre Avenida 60 y Avenida 62,310,Casco Historico,2.1
Calle,37,Avenida,62,Avenida,64,Calle 37 entre Avenida 62 y Avenida 64,320,Casco Historico,2.2
Calle,37,Avenida,64,Avenida,66,Calle 37 entre Avenida 64 y Avenida 66,330,Punta Gotica,2.3
Calle,37,Avenida,66,Avenida,68,Calle 37 entre Avenida 66 y Avenida 68,340,Punta Gotica,2.4
Calle,37,Avenida,68,Avenida,70,Calle 37 entre Avenida 68 y Avenida 70,350,Punta Gotica,2.5
Calle,37,Avenida,70,Avenida,72,Calle 37 entre Avenida 70 y Avenida 72,360,Punta Gotica,2.6
Calle,37,Avenida,72,Avenida,74,Calle 37 entre Avenida 72 y Avenida 74,370,San Lazaro,2.7
Calle,39,Avenida,4,Avenida,6,Calle 39 entre Avenida 4 y Avenida 6,360,Punta Gorda,2.6
Calle,39,Avenida,6,Avenida,8,Calle 39 entre Avenida 6 y Avenida 8,350,Punta Gorda,2.5
Calle,39,Avenida,8,Avenida,10,Calle 39 entre Avenida 8 y Avenida 10,340,Punta Gorda,2.4
Calle,39,Avenida,10,Avenida,12,Calle 39 entre Avenida 10 y Avenida 12,330,Punta Gorda,2.3
Calle,39,Avenida,12,Avenida,14,Calle 39 entre Avenida 12 y Avenida 14,320,Punta Gorda,2.2
Calle,39,Avenida,14,Avenida,16,Calle 39 entre Avenida 14 y Avenida 16,310,Punta Gorda,2.1
Calle,39,Avenida,16,Avenida,18,Calle 39 entre Avenida 16 y Avenida 18,300,Punta Gorda,2
Calle,39,Avenida,18,Avenida,20,Calle 39 entre Avenida 18 y Avenida 20,290,Punta Gorda,1.9
Calle,39,Avenida,20,Avenida,22,Calle 39 entre Avenida 20 y Avenida 22,280,Punta Gorda,1.8
Calle,39,Avenida,22,Avenida,24,Calle 39 entre Avenida 22 y Avenida 24,270,Casco Historico,1.7
Calle,39,Avenida,24,Avenida,26,Calle 39 entre Avenida 24 y Avenida 26,260,Casco Historico,1.6
Calle,39,Avenida,32,Avenida,34,Calle 39 entre Avenida 32 y Avenida 34,230,Casco Historico,1.3
Calle,39,Avenida,34,Avenida,36,Calle 39 entre Avenida 34 y Avenida 36,220,Casco Historico,1.2
Calle,39,Avenida,36,Avenida,38,Calle 39 entre Avenida 36 y Avenida 38,210,Casco Historico,1.1
Calle,39,Avenida,38,Avenida,40,Calle 39 entre Avenida 38 y Avenida 40,200,Casco Historico,1
Calle,39,Avenida,40,Avenida,42,Calle 39 entre Avenida 40 y Avenida 42,200,Casco Historico,0.9
Calle,39,Avenida,42,Avenida,44,Calle 39 entre Avenida 42 y Avenida 44,200,Casco Historico,0.8
Calle,39,Avenida,44,Avenida,46,Calle 39 entre Avenida 44 y Avenida 46,200,Casco Historico,0.9
Calle,39,Avenida,46,Avenida,48,Calle 39 entre Avenida 46 y Avenida 48,200,Casco Historico,1
Calle,39,Avenida,48,Avenida,50,Calle 39 entre Avenida 48 y Avenida 50,210,Casco Historico,1.1
Calle,39,Avenida,50,Avenida,52,Calle 39 entre Avenida 50 y Avenida 52,220,Casco Historico,1.2
Calle,39,Avenida,52,Avenida,54,Calle 39 entre Avenida 52 y Avenida 54,230,Casco Historico,1.3
Calle,39,Avenida,54,Avenida,56,Calle 39 entre Avenida 54 y Avenida 56,240,Casco Historico,1.4
Calle,39,Avenida,56,Avenida,58,Calle 39 entre Avenida 56 y Avenida 58,250,Casco Historico,1.5
Calle,39,Avenida,58,Avenida,60,Calle 39 entre Avenida 58 y Avenida 60,260,Casco Historico,1.6
Calle,39,Avenida,60,Avenida,62,Calle 39 entre Avenida 60 y Avenida 62,270,Casco Historico,1.7
Calle,39,Avenida,62,Avenida,64,Calle 39 entre Avenida 62 y Avenida 64,280,Casco Historico,1.8
Calle,39,Avenida,64,Avenida,66,Calle 39 entre Avenida 64 y Avenida 66,290,San Lazaro,1.9
Calle,39,Avenida,66,Avenida,68,Calle 39 entre Avenida 66 y Avenida 68,300,San Lazaro,2
Calle,39,Avenida,68,Avenida,70,Calle 39 entre Avenida 68 y Avenida 70,310,San Lazaro,2.1
Calle,39,Avenida,70,Avenida,72,Calle 39 entre Avenida 70 y Avenida 72,320,San Lazaro,2.2
Calle,39,Avenida,72,Avenida,74,Calle 39 entre Avenida 72 y Avenida 74,330,San Lazaro,2.3
Calle,39,Avenida,74,Avenida,76,Calle 39 entre Avenida 74 y Avenida 76,340,San Lazaro,2.4
Calle,41,Avenida,8,Avenida,10,Calle 41 entre Avenida 8 y Avenida 10,330,Punta Gorda,2.3
Calle,41,Avenida,10,Avenida,12,Calle 41 entre Avenida 10 y Avenida 12,320,Punta Gorda,2.2
Calle,41,Avenida,12,Avenida,14,Calle 41 entre Avenida 12 y Avenida 14,310,Punta Gorda,2.1
Calle,41,Avenida,14,Avenida,16,Calle 41 entre Avenida 14 y Avenida 16,300,Punta Gorda,2
Calle,41,Avenida,16,Avenida,18,Calle 41 entre Avenida 16 y Avenida 18,290,Punta Gorda,1.9
Calle,41,Avenida,18,Avenida,20,Calle 41 entre Avenida 18 y Avenida 20,280,Punta Gorda,1.8
Calle,41,Avenida,20,Avenida,22,Calle 41 entre Avenida 20 y Avenida 22,270,Punta Gorda,1.7
Calle,41,Avenida,22,Avenida,24,Calle 41 entre Avenida 22 y Avenida 24,260,Casco Historico,1.6
Calle,41,Avenida,24,Avenida,26,Calle 41 entre Avenida 24 y Avenida 26,250,Casco Historico,1.5
Calle,41,Avenida,32,Avenida,34,Calle 41 entre Avenida 32 y Avenida 34,210,Casco Historico,1.1
Calle,41,Avenida,34,Avenida,36,Calle 41 entre Avenida 34 y Avenida 36,200,Casco Historico,1
Calle,41,Avenida,36,Avenida,38,Calle 41 entre Avenida 36 y Avenida 38,200,Casco Historico,0.9
Calle,41,Avenida,38,Avenida,40,Calle 41 entre Avenida 38 y Avenida 40,200,Casco Historico,0.8
Calle,41,Avenida,40,Avenida,42,Calle 41 entre Avenida 40 y Avenida 42,200,Casco Historico,0.7
Calle,41,Avenida,42,Avenida,44,Calle 41 entre Avenida 42 y Avenida 44,200,Casco Historico,0.7
Calle,41,Avenida,44,Avenida,46,Calle 41 entre Avenida 44 y Avenida 46,200,Casco Historico,0.8
Calle,41,Avenida,46,Avenida,48,Calle 41 entre Avenida 46 y Avenida 48,200,Casco Historico,0.9
Calle,41,Avenida,48,Avenida,50,Calle 41 entre Avenida 48 y Avenida 50,200,Casco Historico,1
Calle,41,Avenida,50,Avenida,52,Calle 41 entre Avenida 50 y Avenida 52,210,Casco Historico,1.1
Calle,41,Avenida,52,Avenida,54,Calle 41 entre Avenida 52 y Avenida 54,220,Casco Historico,1.2
Calle,41,Avenida,54,Avenida,56,Calle 41 entre Avenida 54 y Avenida 56,230,Casco Historico,1.3
Calle,41,Avenida,56,Avenida,58,Calle 41 entre Avenida 56 y Avenida 58,240,Casco Historico,1.4
Calle,41,Avenida,58,Avenida,60,Calle 41 entre Avenida 58 y Avenida 60,250,Casco Historico,1.5
Calle,41,Avenida,60,Avenida,62,Calle 41 entre Avenida 60 y Avenida 62,260,Casco Historico,1.6
Calle,41,Avenida,62,Avenida,64,Calle 41 entre Avenida 62 y Avenida 64,270,Casco Historico,1.7
Calle,41,Avenida,64,Avenida,66,Calle 41 entre Avenida 64 y Avenida 66,280,San Lazaro,1.8
Calle,41,Avenida,66,Avenida,68,Calle 41 entre Avenida 66 y Avenida 68,290,San Lazaro,1.9
Calle,41,Avenida,68,Avenida,70,Calle 41 entre Avenida 68 y Avenida 70,300,San Lazaro,2
Calle,43,Avenida,12,Avenida,14,Calle 43 entre Avenida 12 y Avenida 14,300,Punta Gorda,2
Calle,43,Avenida,14,Avenida,16,Calle 43 entre Avenida 14 y Avenida 16,290,Punta Gorda,1.9
Calle,43,Avenida,16,Avenida,18,Calle 43 entre Avenida 16 y Avenida 18,280,Punta Gorda,1.8
Calle,43,Avenida,18,Avenida,20,Calle 43 entre Avenida 18 y Avenida 20,270,Punta Gorda,1.7
Calle,43,Avenida,20,Avenida,22,Calle 43 entre Avenida 20 y Avenida 22,260,Punta Gorda,1.6
Calle,43,Avenida,22,Avenida,24,Calle 43 entre Avenida 22 y Avenida 24,250,Casco Historico,1.5
Calle,43,Avenida,24,Avenida,26,Calle 43 entre Avenida 24 y Avenida 26,240,Casco Historico,1.4
Calle,43,Avenida,26,Avenida,28,Calle 43 entre Avenida 26 y Avenida 28,230,Casco Historico,1.3
Calle,43,Avenida,28,Avenida,30,Calle 43 entre Avenida 28 y Avenida 30,220,Casco Historico,1.2
Calle,43,Avenida,30,Avenida,32,Calle 43 entre Avenida 30 y Avenida 32,210,Casco Historico,1.1
Calle,43,Avenida,32,Avenida,34,Calle 43 entre Avenida 32 y Avenida 34,200,Casco Historico,1
Calle,43,Avenida,34,Avenida,36,Calle 43 entre Avenida 34 y Avenida 36,200,Casco Historico,0.9
Calle,43,Avenida,36,Avenida,38,Calle 43 entre Avenida 36 y Avenida 38,200,Casco Historico,0.8
Calle,43,Avenida,38,Avenida,40,Calle 43 entre Avenida 38 y Avenida 40,200,Casco Historico,0.7
Calle,43,Avenida,40,Avenida,42,Calle 43 entre Avenida 40 y Avenida 42,200,Casco Historico,0.6
Calle,43,Avenida,42,Avenida,44,Calle 43 entre Avenida 42 y Avenida 44,200,Casco Historico,0.6
Calle,43,Avenida,44,Avenida,46,Calle 43 entre Avenida 44 y Avenida 46,200,Casco Historico,0.7
Calle,43,Avenida,46,Avenida,48,Calle 43 entre Avenida 46 y Avenida 48,200,Casco Historico,0.8
Calle,43,Avenida,48,Avenida,50,Calle 43 entre Avenida 48 y Avenida 50,200,Casco Historico,0.9
Calle,43,Avenida,50,Avenida,52,Calle 43 entre Avenida 50 y Avenida 52,200,Casco Historico,1
Calle,43,Avenida,52,Avenida,54,Calle 43 entre Avenida 52 y Avenida 54,210,Casco Historico,1.1
Calle,43,Avenida,54,Avenida,56,Calle 43 entre Avenida 54 y Avenida 56,220,Casco Historico,1.2
Calle,43,Avenida,56,Avenida,58,Calle 43 entre Avenida 56 y Avenida 58,230,Casco Historico,1.3
Calle,43,Avenida,58,Avenida,60,Calle 43 entre Avenida 58 y Avenida 60,240,Casco Historico,1.4
Calle,43,Avenida,60,Avenida,62,Calle 43 entre Avenida 60 y Avenida 62,250,Casco Historico,1.5
Calle,43,Avenida,62,Avenida,64,Calle 43 entre Avenida 62 y Avenida 64,260,Casco Historico,1.6
Calle,45,Avenida,16,Avenida,18,Calle 45 entre Avenida 16 y Avenida 18,270,Punta Gorda,1.7
Calle,45,Avenida,18,Avenida,20,Calle 45 entre Avenida 18 y Avenida 20,260,Punta Gorda,1.6
Calle,45,Avenida,20,Avenida,22,Calle 45 entre Avenida 20 y Avenida 22,250,Punta Gorda,1.5
Calle,45,Avenida,22,Avenida,24,Calle 45 entre Avenida 22 y Avenida 24,240,Casco Historico,1.4
Calle,45,Avenida,24,Avenida,26,Calle 45 entre Avenida 24 y Avenida 26,230,Casco Historico,1.3
Calle,45,Avenida,26,Avenida,28,Calle 45 entre Avenida 26 y Avenida 28,220,Casco Historico,1.2
Calle,45,Avenida,28,Avenida,30,Calle 45 entre Avenida 28 y Avenida 30,210,Casco Historico,1.1
Calle,45,Avenida,30,Avenida,32,Calle 45 entre Avenida 30 y Avenida 32,200,Casco Historico,1
Calle,45,Avenida,32,Avenida,34,Calle 45 entre Avenida 32 y Avenida 34,200,Casco Historico,0.9
Calle,45,Avenida,34,Avenida,36,Calle 45 entre Avenida 34 y Avenida 36,200,Casco Historico,0.8
Calle,45,Avenida,36,Avenida,38,Calle 45 entre Avenida 36 y Avenida 38,200,Casco Historico,0.7
Calle,45,Avenida,38,Avenida,40,Calle 45 entre Avenida 38 y Avenida 40,200,Casco Historico,0.6
Calle,45,Avenida,40,Avenida,42,Calle 45 entre Avenida 40 y Avenida 42,200,Casco Historico,0.5
Calle,45,Avenida,42,Avenida,44,Calle 45 entre Avenida 42 y Avenida 44,200,Casco Historico,0.5
Calle,45,Avenida,44,Avenida,46,Calle 45 entre Avenida 44 y Avenida 46,200,Casco Historico,0.6
Calle,45,Avenida,46,Avenida,48,Calle 45 entre Avenida 46 y Avenida 48,200,Casco Historico,0.7
Calle,45,Avenida,48,Avenida,50,Calle 45 entre Avenida 48 y Avenida 50,200,Casco Historico,0.8
Calle,45,Avenida,50,Avenida,52,Calle 45 entre Avenida 50 y Avenida 52,200,Casco Historico,0.9
Calle,45,Avenida,52,Avenida,54,Calle 45 entre Avenida 52 y Avenida 54,200,Casco Historico,1
Calle,45,Avenida,54,Avenida,56,Calle 45 entre Avenida 54 y Avenida 56,210,Casco Historico,1.1
Calle,45,Avenida,56,Avenida,58,Calle 45 entre Avenida 56 y Avenida 58,220,Casco Historico,1.2
Calle,45,Avenida,58,Avenida,60,Calle 45 entre Avenida 58 y Avenida 60,230,Casco Historico,1.3
Calle,45,Avenida,60,Avenida,62,Calle 45 entre Avenida 60 y Avenida 62,240,Casco Historico,1.4
Calle,45,Calle,2 NE,Avenida,64,Calle 45 entre Calle 2 NE y Avenida 64,250,Casco Historico,1.5
Calle,45,Avenida,64,Avenida,66,Calle 45 entre Avenida 64 y Avenida 66,260,San Lazaro,1.6
Calle,45,Avenida,66,Avenida,68,Calle 45 entre Avenida 66 y Avenida 68,270,San Lazaro,1.7
Calle,45,Avenida,68,Avenida,70,Calle 45 entre Avenida 68 y Avenida 70,280,San Lazaro,1.8
Calle,45,Avenida,70,Avenida,72,Calle 45 entre Avenida 70 y Avenida 72,290,San Lazaro,1.9
Calle,45,Avenida,72,Avenida,74,Calle 45 entre Avenida 72 y Avenida 74,300,San Lazaro,2
Calle,47,Avenida,24,Avenida,26,Calle 47 entre Avenida 24 y Avenida 26,220,Punta Gorda,1.2
Calle,47,Avenida,26,Avenida,28,Calle 47 entre Avenida 26 y Avenida 28,210,Casco Historico,1.1
Calle,47,Avenida,28,Avenida,30,Calle 47 entre Avenida 28 y Avenida 30,200,Casco Historico,1
Calle,47,Avenida,30,Avenida,32,Calle 47 entre Avenida 30 y Avenida 32,200,Casco Historico,0.9
Calle,47,Avenida,42,Avenida,44,Calle 47 entre Avenida 42 y Avenida 44,200,Casco Historico,0.4
Calle,47,Avenida,44,Avenida,46,Calle 47 entre Avenida 44 y Avenida 46,200,Casco Historico,0.5
Calle,47,Avenida,46,Avenida,48,Calle 47 entre Avenida 46 y Avenida 48,200,Casco Historico,0.6
Calle,47,Avenida,48,Avenida,50,Calle 47 entre Avenida 48 y Avenida 50,200,Casco Historico,0.7
Calle,47,Avenida,50,Avenida,52,Calle 47 entre Avenida 50 y Avenida 52,200,Casco Historico,0.8
Calle,47,Avenida,52,Avenida,54,Calle 47 entre Avenida 52 y Avenida 54,200,Casco Historico,0.9
Calle,47,Avenida,54,Avenida,56,Calle 47 entre Avenida 54 y Avenida 56,200,Casco Historico,1
Calle,47,Avenida,56,Avenida,58,Calle 47 entre Avenida 56 y Avenida 58,210,Casco Historico,1.1
Calle,47,Avenida,58,Avenida,60,Calle 47 entre Avenida 58 y Avenida 60,220,Casco Historico,1.2
Calle,47,Avenida,60,Avenida,62,Calle 47 entre Avenida 60 y Avenida 62,230,Casco Historico,1.3
Calle,47,Calle,2 NE,Calle,4 NE,Calle 47 entre Calle 2 NE y Calle 4 NE,240,Casco Historico,1.4
Calle,47,Avenida,64,Calle,2 NE,Calle 47 entre Avenida 64 y Calle 2 NE,250,Casco Historico,1.5
Calle,47,Avenida,64,Avenida,66,Calle 47 entre Avenida 64 y Avenida 66,260,Casco Historico,1.6
Calle,47,Avenida,66,Avenida,68,Calle 47 entre Avenida 66 y Avenida 68,270,Casco Historico,1.7
Calle,47,Avenida,68,Avenida,70,Calle 47 entre Avenida 68 y Avenida 70,280,Casco Historico,1.8
Calle,47,Avenida,66,Avenida,68,Calle 47 entre Avenida 66 y Avenida 68,260,San Lazaro,1.6
Calle,47,Avenida,68,Avenida,70,Calle 47 entre Avenida 68 y Avenida 70,270,San Lazaro,1.7
Calle,49,Avenida,26,Avenida,28,Calle 49 entre Avenida 26 y Avenida 28,210,Casco Historico,1.1
Calle,49,Avenida,28,Avenida,30,Calle 49 entre Avenida 28 y Avenida 30,200,Casco Historico,1
Calle,49,Avenida,30,Avenida,32,Calle 49 entre Avenida 30 y Avenida 32,200,Casco Historico,0.9
Calle,49,Avenida,42,Avenida,44,Calle 49 entre Avenida 42 y Avenida 44,200,Casco Historico,0.3
Calle,49,Avenida,44,Avenida,46,Calle 49 entre Avenida 44 y Avenida 46,200,Casco Historico,0.4
Calle,49,Avenida,46,Avenida,48,Calle 49 entre Avenida 46 y Avenida 48,200,Casco Historico,0.5
Calle,49,Avenida,48,Avenida,50,Calle 49 entre Avenida 48 y Avenida 50,200,Casco Historico,0.6
Calle,49,Avenida,50,Avenida,52,Calle 49 entre Avenida 50 y Avenida 52,200,Casco Historico,0.7
Calle,49,Avenida,52,Avenida,54,Calle 49 entre Avenida 52 y Avenida 54,200,Casco Historico,0.8
Calle,49,Avenida,54,Avenida,56,Calle 49 entre Avenida 54 y Avenida 56,200,Casco Historico,0.9
Calle,49,Avenida,56,Avenida,58,Calle 49 entre Avenida 56 y Avenida 58,200,Casco Historico,1
Calle,49,Avenida,58,Avenida,60,Calle 49 entre Avenida 58 y Avenida 60,210,Casco Historico,1.1
Calle,49,Avenida,60,Avenida,62,Calle 49 entre Avenida 60 y Avenida 62,220,Casco Historico,1.2
Calle,49,Avenida,62,Calle, 4 NE,Calle 49 entre Avenida 62 y Calle  4 NE,230,Casco Historico,1.3
Calle,49,Calle, 2 NE,Calle,4 NE,Calle 49 entre Calle  2 NE y Calle 4 NE,240,Casco Historico,1.4
Calle,49,Avenida,64,Calle,2 NE,Calle 49 entre Avenida 64 y Calle 2 NE,250,Casco Historico,1.5
Calle,49,Avenida,64,Avenida,66,Calle 49 entre Avenida 64 y Avenida 66,260,San Lazaro,1.6
Calle,49,Avenida,66,Avenida,68,Calle 49 entre Avenida 66 y Avenida 68,270,San Lazaro,1.7
Calle,49,Avenida,68,Avenida,70,Calle 49 entre Avenida 68 y Avenida 70,280,San Lazaro,1.8
Calle,49,Avenida,70,Avenida,72,Calle 49 entre Avenida 70 y Avenida 72,290,San Lazaro,1.9
Calle,49,Avenida,72,Avenida,74,Calle 49 entre Avenida 72 y Avenida 74,300,San Lazaro,2
Calle,49,Avenida,74,Avenida,76,Calle 49 entre Avenida 74 y Avenida 76,310,San Lazaro,2.1
Calle,49,Avenida,76,Avenida,78,Calle 49 entre Avenida 76 y Avenida 78,320,San Lazaro,2.2
Calle,51,Avenida,8,Avenida,10,Calle 51 entre Avenida 8 y Avenida 10,290,Punta Gorda,1.9
Calle,51,Avenida,10,Avenida,12,Calle 51 entre Avenida 10 y Avenida 12,280,Punta Gorda,1.8
Calle,51,Avenida,12,Avenida,14,Calle 51 entre Avenida 12 y Avenida 14,270,Punta Gorda,1.7
Calle,51,Avenida,14,Avenida,16,Calle 51 entre Avenida 14 y Avenida 16,260,Punta Gorda,1.6
Calle,51A,Avenida,20,Avenida,22,Calle 51A entre Avenida 20 y Avenida 22,240,Punta Gorda,1.4
Calle,51A,Avenida,24,Avenida,26,Calle 51A entre Avenida 24 y Avenida 26,230,Casco Historico,1.3
Calle,51A,Avenida,26,Avenida,28,Calle 51A entre Avenida 26 y Avenida 28,220,Casco Historico,1.2
Calle,51A,Avenida,28,Avenida,30,Calle 51A entre Avenida 28 y Avenida 30,210,Casco Historico,1.1
Calle,51A,Avenida,30,Avenida,32,Calle 51A entre Avenida 30 y Avenida 32,200,Casco Historico,1
Calle,51,Avenida,42,Avenida,44,Calle 51 entre Avenida 42 y Avenida 44,200,Casco Historico,0.2
Calle,51,Avenida,44,Avenida,46,Calle 51 entre Avenida 44 y Avenida 46,200,Casco Historico,0.3
Calle,51,Avenida,46,Avenida,48,Calle 51 entre Avenida 46 y Avenida 48,200,Casco Historico,0.4
Calle,51,Avenida,48,Avenida,50,Calle 51 entre Avenida 48 y Avenida 50,200,Casco Historico,0.5
Calle,51,Avenida,50,Avenida,52,Calle 51 entre Avenida 50 y Avenida 52,200,Casco Historico,0.6
Calle,51,Avenida,52,Avenida,54,Calle 51 entre Avenida 52 y Avenida 54,200,Casco Historico,0.7
Calle,51,Avenida,54,Avenida,56,Calle 51 entre Avenida 54 y Avenida 56,200,Casco Historico,0.8
Calle,51,Avenida,56,Avenida,58,Calle 51 entre Avenida 56 y Avenida 58,200,Casco Historico,0.9
Calle,51,Avenida,60,Avenida,62,Calle 51 entre Avenida 60 y Avenida 62,230,Casco Historico,1.3
Calle,51,Avenida,62,Avenida,64A,Calle 51 entre Avenida 62 y Avenida 64A,240,Casco Historico,1.4
Calle,51,Avenida,64A,Calle,4 NE,Calle 51 entre Avenida 64A y Calle 4 NE,250,Casco Historico,1.5
Calle,51,Calle,2 NE,Calle,4 NE,Calle 51 entre Calle 2 NE y Calle 4 NE,260,Casco Historico,1.6
Calle,51,Avenida,64,Calle,2 NE,Calle 51 entre Avenida 64 y Calle 2 NE,270,Casco Historico,1.7
Calle,51,Avenida,64,Avenida,66,Calle 51 entre Avenida 64 y Avenida 66,280,San Lazaro,1.8
Calle,51,Avenida,66,Avenida,68,Calle 51 entre Avenida 66 y Avenida 68,290,San Lazaro,1.9
Calle,51,Avenida,68,Avenida,70,Calle 51 entre Avenida 68 y Avenida 70,300,San Lazaro,2
Calle,51,Avenida,70,Avenida,72,Calle 51 entre Avenida 70 y Avenida 72,310,San Lazaro,2.1
Calle,51,Avenida,72,Avenida,74,Calle 51 entre Avenida 72 y Avenida 74,320,San Lazaro,2.2
Calle,51,Avenida,74,Avenida,76,Calle 51 entre Avenida 74 y Avenida 76,330,San Lazaro,2.3
Calle,51,Avenida,76,Avenida,78,Calle 51 entre Avenida 76 y Avenida 78,340,San Lazaro,2.4
Calle,53,Avenida,10,Avenida,12,Calle 53 entre Avenida 10 y Avenida 12,270,Punta Gorda,1.7
Calle,53,Avenida,12,Avenida,14,Calle 53 entre Avenida 12 y Avenida 14,260,Punta Gorda,1.6
Calle,53,Avenida,16,Avenida,18,Calle 53 entre Avenida 16 y Avenida 18,250,Punta Gorda,1.5
Calle,53,Avenida,22,Avenida,24,Calle 53 entre Avenida 22 y Avenida 24,220,Casco Historico,1.2
Calle,53,Avenida,24,Avenida,24A,Calle 53 entre Avenida 24 y Avenida 24A,210,Casco Historico,1.1
Calle,53,Avenida,24A,Avenida,26,Calle 53 entre Avenida 24A y Avenida 26,200,Casco Historico,1
Calle,53,Avenida,48,Avenida,50,Calle 53 entre Avenida 48 y Avenida 50,200,Casco Historico,0.7
Calle,53,Avenida,50,Avenida,52,Calle 53 entre Avenida 50 y Avenida 52,200,Casco Historico,0.8
Calle,53,Avenida,52,Avenida,54,Calle 53 entre Avenida 52 y Avenida 54,200,Casco Historico,0.9
Calle,53,Avenida,54,Avenida,56,Calle 53 entre Avenida 54 y Avenida 56,200,Casco Historico,1
Calle,53,Avenida,56,Avenida,58,Calle 53 entre Avenida 56 y Avenida 58,210,Casco Historico,1.1
Calle,53,Avenida,60,Avenida,62,Calle 53 entre Avenida 60 y Avenida 62,250,Casco Historico,1.5
Calle,53,Avenida,62,Avenida,64A,Calle 53 entre Avenida 62 y Avenida 64A,260,Casco Historico,1.6
Calle,53,Calle,2 NE,Calle,4 NE,Calle 53 entre Calle 2 NE y Calle 4 NE,270,Casco Historico,1.7
Calle,53,Calle,4 NE,Calle,6NE,Calle 53 entre Calle 4 NE y Calle 6NE,280,Casco Historico,1.8
Calle,53,Avenida,64,Calle,2 NE,Calle 53 entre Avenida 64 y Calle 2 NE,290,Casco Historico,1.9
Calle,53,Avenida,64,Avenida,66,Calle 53 entre Avenida 64 y Avenida 66,300,San Lazaro,2
Calle,53,Avenida,66,Avenida,68,Calle 53 entre Avenida 66 y Avenida 68,310,San Lazaro,2.1
Calle,53,Avenida,68,Avenida,70,Calle 53 entre Avenida 68 y Avenida 70,320,San Lazaro,2.2
Calle,53,Avenida,70,Avenida,72,Calle 53 entre Avenida 70 y Avenida 72,330,San Lazaro,2.3
Calle,53,Avenida,72,Avenida,74,Calle 53 entre Avenida 72 y Avenida 74,340,San Lazaro,2.4
Calle,53,Avenida,74,Avenida,76,Calle 53 entre Avenida 74 y Avenida 76,350,San Lazaro,2.5
Calle,55,Avenida,10,Avenida,12,Calle 55 entre Avenida 10 y Avenida 12,260,Punta Gorda,1.6
Calle,55,Avenida,12,Avenida,14,Calle 55 entre Avenida 12 y Avenida 14,250,Punta Gorda,1.5
Calle,55,Avenida,14,Avenida,16,Calle 55 entre Avenida 14 y Avenida 16,240,Punta Gorda,1.4
Calle,55,Avenida,16,Avenida,16A,Calle 55 entre Avenida 16 y Avenida 16A,230,Punta Gorda,1.3
Calle,55,Avenida,16A,Avenida,18,Calle 55 entre Avenida 16A y Avenida 18,220,Punta Gorda,1.2
Calle,55,Avenida,18,Avenida,18A,Calle 55 entre Avenida 18 y Avenida 18A,210,Punta Gorda,1.1
Calle,55,Avenida,18A,Avenida,20,Calle 55 entre Avenida 18A y Avenida 20,200,Punta Gorda,1
Calle,55,Avenida,48,Avenida,50,Calle 55 entre Avenida 48 y Avenida 50,200,Casco Historico,0.4
Calle,55,Avenida,50,Avenida,52,Calle 55 entre Avenida 50 y Avenida 52,200,Casco Historico,0.5
Calle,55,Avenida,52,Avenida,54,Calle 55 entre Avenida 52 y Avenida 54,200,Casco Historico,0.6
Calle,55,Avenida,54,Avenida,56,Calle 55 entre Avenida 54 y Avenida 56,200,Casco Historico,0.7
Calle,55,Avenida,56,Avenida,58,Calle 55 entre Avenida 56 y Avenida 58,200,Casco Historico,0.8
Calle,55,Avenida,60,Avenida,62,Calle 55 entre Avenida 60 y Avenida 62,240,Casco Historico,1.4
Calle,55,Avenida,62,Avenida,64A,Calle 55 entre Avenida 62 y Avenida 64A,250,Casco Historico,1.5
Calle,55,Avenida,64A,Calle,6 NE,Calle 55 entre Avenida 64A y Calle 6 NE,260,Casco Historico,1.6
Calle,55,Calle,4 NE,Calle,6 NE,Calle 55 entre Calle 4 NE y Calle 6 NE,270,Casco Historico,1.7
Calle,55,Calle,2 NE,Calle,4 NE,Calle 55 entre Calle 2 NE y Calle 4 NE,280,Casco Historico,1.8
Calle,55,Avenida,64,Calle,2 NE,Calle 55 entre Avenida 64 y Calle 2 NE,290,Casco Historico,1.9
Calle,55,Avenida,64,Avenida,66,Calle 55 entre Avenida 64 y Avenida 66,300,San Lazaro,2
Calle,55,Avenida,70,Avenida,72,Calle 55 entre Avenida 70 y Avenida 72,340,San Lazaro,2.4
Calle,55,Avenida,72,Avenida,74,Calle 55 entre Avenida 72 y Avenida 74,350,San Lazaro,2.5
Calle,57,Avenida,20,Avenida,20A,Calle 57 entre Avenida 20 y Avenida 20A,220,Punta Gorda,1.2
Calle,57,Avenida,20A,Avenida,22,Calle 57 entre Avenida 20A y Avenida 22,210,Punta Gorda,1.1
Calle,57,Avenida,22,Avenida,24,Calle 57 entre Avenida 22 y Avenida 24,200,Punta Gorda,1
Calle,57,Avenida,24,Avenida,26,Calle 57 entre Avenida 24 y Avenida 26,200,Punta Gorda,0.9
Calle,57,Avenida,26,Avenida,28,Calle 57 entre Avenida 26 y Avenida 28,200,Punta Gorda,0.8
Calle,57,Avenida,28,Avenida,30,Calle 57 entre Avenida 28 y Avenida 30,200,Reparto de los Medicos,0.7
Calle,57,Avenida,30,Avenida,32,Calle 57 entre Avenida 30 y Avenida 32,200,Reparto de los Medicos,0.6
Calle,57,Avenida,32,Avenida,34,Calle 57 entre Avenida 32 y Avenida 34,200,Reparto de los Medicos,0.5
Calle,57,Avenida,34,Avenida,36,Calle 57 entre Avenida 34 y Avenida 36,200,Reparto de los Medicos,0.4
Calle,57,Avenida,36,Avenida,38,Calle 57 entre Avenida 36 y Avenida 38,200,Reparto de los Medicos,0.3
Calle,57,Avenida,38,Avenida,42,Calle 57 entre Avenida 38 y Avenida 42,200,Reparto de los Medicos,0.2
Calle,57A,Avenida,38,Avenida,42,Calle 57A entre Avenida 38 y Avenida 42,200,Reparto de los Medicos,0.2
Calle,57,Avenida,42,Avenida,44,Calle 57 entre Avenida 42 y Avenida 44,200,Casco Historico,0.1
Calle,57,Avenida,44,Avenida,46,Calle 57 entre Avenida 44 y Avenida 46,200,Casco Historico,0.2
Calle,57,Avenida,46,Avenida,48,Calle 57 entre Avenida 46 y Avenida 48,200,Casco Historico,0.3
Calle,57,Avenida,48,Avenida,50,Calle 57 entre Avenida 48 y Avenida 50,200,Casco Historico,0.4
Calle,57,Avenida,50,Avenida,52,Calle 57 entre Avenida 50 y Avenida 52,200,Casco Historico,0.5
Calle,57,Avenida,52,Avenida,54,Calle 57 entre Avenida 52 y Avenida 54,200,Casco Historico,0.6
Calle,57,Avenida,54,Avenida,56,Calle 57 entre Avenida 54 y Avenida 56,200,Casco Historico,0.7
Calle,57,Avenida,56,Avenida,58,Calle 57 entre Avenida 56 y Avenida 58,200,Casco Historico,0.8
Calle,57,Avenida,60,Avenida,62,Calle 57 entre Avenida 60 y Avenida 62,230,Casco Historico,1.3
Calle,57,Avenida,62,Avenida,64A,Calle 57 entre Avenida 62 y Avenida 64A,240,Casco Historico,1.4
Calle,57,Calle,2 NE,Calle,4 NE,Calle 57 entre Calle 2 NE y Calle 4 NE,250,Casco Historico,1.5
Calle,57,Calle,4 NE,Calle,6 NE,Calle 57 entre Calle 4 NE y Calle 6 NE,260,Casco Historico,1.6
Calle,57,Calle,6 NE,Calle,8 NE,Calle 57 entre Calle 6 NE y Calle 8 NE,270,Casco Historico,1.7
Calle,57,Avenida,64,Calle,2 NE,Calle 57 entre Avenida 64 y Calle 2 NE,280,Casco Historico,1.8
Calle,57,Avenida,64,Avenida,66,Calle 57 entre Avenida 64 y Avenida 66,290,San Lazaro,1.9
Calle,57,Avenida,70,Avenida,72,Calle 57 entre Avenida 70 y Avenida 72,350,San Lazaro,2.5
Calle,57,Avenida,72,Avenida,74,Calle 57 entre Avenida 72 y Avenida 74,360,San Lazaro,2.6
Calle,57,Avenida,74,Avenida,76,Calle 57 entre Avenida 74 y Avenida 76,370,San Lazaro,2.7
Calle,59,Avenida,20A,Avenida,22,Calle 59 entre Avenida 20A y Avenida 22,220,Punta Gorda,1.2
Calle,59,Avenida,24,Avenida,26,Calle 59 entre Avenida 24 y Avenida 26,210,Punta Gorda,1.1
Calle,59,Avenida,26,Avenida,28,Calle 59 entre Avenida 26 y Avenida 28,200,Punta Gorda,1
Calle,59,Avenida,28,Avenida,30,Calle 59 entre Avenida 28 y Avenida 30,200,Reparto de los Medicos,0.9
Calle,59,Avenida,30,Avenida,32,Calle 59 entre Avenida 30 y Avenida 32,200,Reparto de los Medicos,0.8
Calle,59,Avenida,32,Avenida,34,Calle 59 entre Avenida 32 y Avenida 34,200,Reparto de los Medicos,0.7
Calle,59,Avenida,34,Avenida,36,Calle 59 entre Avenida 34 y Avenida 36,200,Reparto de los Medicos,0.6
Calle,59,Avenida,36,Avenida,38,Calle 59 entre Avenida 36 y Avenida 38,200,Reparto de los Medicos,0.5
Calle,59,Avenida,38,Avenida,40,Calle 59 entre Avenida 38 y Avenida 40,200,Reparto de los Medicos,0.4
Calle,59,Avenida,42,Avenida,44,Calle 59 entre Avenida 42 y Avenida 44,200,Casco Historico,0.2
Calle,59,Avenida,46,Avenida,48,Calle 59 entre Avenida 46 y Avenida 48,200,Casco Historico,0.4
Calle,59,Avenida,48,Avenida,50,Calle 59 entre Avenida 48 y Avenida 50,200,Casco Historico,0.5
Calle,59,Avenida,50,Avenida,52,Calle 59 entre Avenida 50 y Avenida 52,200,Casco Historico,0.6
Calle,59,Avenida,52,Avenida,54,Calle 59 entre Avenida 52 y Avenida 54,200,Casco Historico,0.7
Calle,59,Avenida,56,Avenida,58,Calle 59 entre Avenida 56 y Avenida 58,200,Casco Historico,0.8
Calle,59,Avenida,60,Avenida,62,Calle 59 entre Avenida 60 y Avenida 62,220,Casco Historico,1.2
Calle,59,Avenida,62,Avenida,64A,Calle 59 entre Avenida 62 y Avenida 64A,230,Casco Historico,1.3
Calle,59,Avenida, 64A,Calle,8 NE,Calle 59 entre Avenida  64A y Calle 8 NE,240,Casco Historico,1.4
Calle,59,Calle,2 NE,Calle,4 NE,Calle 59 entre Calle 2 NE y Calle 4 NE,250,Casco Historico,1.5
Calle,59,Calle,4 NE ,Calle,6 NE,Calle 59 entre Calle 4 NE  y Calle 6 NE,260,Casco Historico,1.6
Calle,59,Calle,6 NE,Calle,8 NE,Calle 59 entre Calle 6 NE y Calle 8 NE,270,Casco Historico,1.7
Calle,59,Avenida,64,Calle,2 NE,Calle 59 entre Avenida 64 y Calle 2 NE,280,Casco Historico,1.8
Calle,59,Avenida,64,Avenida,66,Calle 59 entre Avenida 64 y Avenida 66,290,San Lazaro,1.9
Calle,59,Avenida,68,Avenida,68A,Calle 59 entre Avenida 68 y Avenida 68A,340,San Lazaro,2.4
Calle,59,Avenida,68A,Avenida,70,Calle 59 entre Avenida 68A y Avenida 70,350,San Lazaro,2.5
Calle,59,Avenida,70,Avenida,72,Calle 59 entre Avenida 70 y Avenida 72,360,San Lazaro,2.6
Calle,59,Avenida,72,Avenida,74,Calle 59 entre Avenida 72 y Avenida 74,370,San Lazaro,2.7
Calle,59,Avenida,74,Avenida,76,Calle 59 entre Avenida 74 y Avenida 76,380,San Lazaro,2.8
Calle,61,Avenida,12,Avenida,14,Calle 61 entre Avenida 12 y Avenida 14,270,Punta Gorda,1.7
Calle,61,Avenida,14,Avenida,16,Calle 61 entre Avenida 14 y Avenida 16,260,Punta Gorda,1.6
Calle,61,Avenida,16,Avenida,18,Calle 61 entre Avenida 16 y Avenida 18,250,Punta Gorda,1.5
Calle,61,Avenida,18,Avenida,18A,Calle 61 entre Avenida 18 y Avenida 18A,240,Punta Gorda,1.4
Calle,61,Avenida,18A,Avenida,20,Calle 61 entre Avenida 18A y Avenida 20,230,Punta Gorda,1.3
Calle,61,Avenida,20,Avenida,20A,Calle 61 entre Avenida 20 y Avenida 20A,220,Punta Gorda,1.2
Calle,61,Avenida,20A,Avenida,22,Calle 61 entre Avenida 20A y Avenida 22,210,Punta Gorda,1.1
Calle,61,Avenida,22,Avenida,24,Calle 61 entre Avenida 22 y Avenida 24,200,Punta Gorda,1
Calle,61,Avenida,24,Avenida,26,Calle 61 entre Avenida 24 y Avenida 26,200,Punta Gorda,0.9
Calle,61,Avenida,26,Avenida,28,Calle 61 entre Avenida 26 y Avenida 28,200,Punta Gorda,0.8
Calle,61,Avenida,28,Avenida,30,Calle 61 entre Avenida 28 y Avenida 30,200,Reparto de los Medicos,0.7
Calle,61,Avenida,32,Avenida,34,Calle 61 entre Avenida 32 y Avenida 34,200,Reparto de los Medicos,0.6
Calle,61,Avenida,34,Calle,61A,Calle 61 entre Avenida 34 y Calle 61A,200,Reparto Hermanas Giral,0.8
Calle,C,Calle,61A,Calle,61B,Calle C entre Calle 61A y Calle 61B,200,Reparto Hermanas Giral,0.7
Calle,B,Calle,61A,Calle,61B,Calle B entre Calle 61A y Calle 61B,200,Reparto Hermanas Giral,0.6
Calle,A,Calle,61A,Calle,61B,Calle A entre Calle 61A y Calle 61B,200,Reparto Hermanas Giral,0.5
Calle,61,Calle,A,Avenida,40,Calle 61 entre Calle A y Avenida 40,200,Reparto Hermanas Giral,0.6
Calle,61A,Calle,A,Avenida,40,Calle 61A entre Calle A y Avenida 40,200,Reparto Hermanas Giral,0.4
Calle,61B,Calle,61,Calle,C,Calle 61B entre Calle 61 y Calle C,200,Reparto Hermanas Giral,0.8
Calle,61B,Calle,C,Calle,B,Calle 61B entre Calle C y Calle B,200,Reparto Hermanas Giral,0.7
Calle,61B,Calle,B,Calle,A,Calle 61B entre Calle B y Calle A,200,Reparto Hermanas Giral,0.6
Calle,61B,Calle,A,Calle,63,Calle 61B entre Calle A y Calle 63,200,Reparto Hermanas Giral,0.5
Calle,61,Avenida,42,Avenida,44,Calle 61 entre Avenida 42 y Avenida 44,200,La Juanita,0.3
Calle,61,Avenida,44,Avenida,46,Calle 61 entre Avenida 44 y Avenida 46,200,La Juanita,0.4
Calle,61,Avenida,46,Avenida,48,Calle 61 entre Avenida 46 y Avenida 48,200,La Juanita,0.5
Calle,61,Avenida,48,Avenida,50,Calle 61 entre Avenida 48 y Avenida 50,200,La Juanita,0.6
Calle,61,Avenida,50,Avenida,52,Calle 61 entre Avenida 50 y Avenida 52,200,La Juanita,0.7
Calle,61,Avenida,52,Avenida,54,Calle 61 entre Avenida 52 y Avenida 54,200,La Juanita,0.8
Calle,61,Avenida,54,Avenida,56,Calle 61 entre Avenida 54 y Avenida 56,200,La Juanita,0.9
Calle,61,Avenida,56,Avenida,58,Calle 61 entre Avenida 56 y Avenida 58,200,La Juanita,1
Calle,61,Avenida,58,Avenida,60,Calle 61 entre Avenida 58 y Avenida 60,210,La Juanita,1.1
Calle,61,Avenida,60,Avenida,62,Calle 61 entre Avenida 60 y Avenida 62,220,La Juanita,1.2
Calle,61,Avenida,62,Avenida,64A,Calle 61 entre Avenida 62 y Avenida 64A,230,La Juanita,1.3
Calle,61,Avenida,64A,Calle,8 NE,Calle 61 entre Avenida 64A y Calle 8 NE,240,La Juanita,1.4
Calle,61,Calle,2 NE,Calle,4 NE,Calle 61 entre Calle 2 NE y Calle 4 NE,250,La Juanita,1.5
Calle,61,Calle,4 NE,Calle,6 NE,Calle 61 entre Calle 4 NE y Calle 6 NE,260,La Juanita,1.6
Calle,61,Calle,6 NE,Calle,8 NE,Calle 61 entre Calle 6 NE y Calle 8 NE,270,La Juanita,1.7
Calle,61,Avenida,64,Calle,2 NE,Calle 61 entre Avenida 64 y Calle 2 NE,280,La Juanita,1.8
Calle,61,Avenida,64,Avenida,66,Calle 61 entre Avenida 64 y Avenida 66,290,Pueblo Grifo ,1.9
Calle,61,Avenida,68,Avenida,70,Calle 61 entre Avenida 68 y Avenida 70,320,Pueblo Grifo ,2.2
Calle,61,Avenida,70,Avenida,72,Calle 61 entre Avenida 70 y Avenida 72,330,Pueblo Grifo ,2.3
Calle,63,Avenida,12,Avenida,14,Calle 63 entre Avenida 12 y Avenida 14,290,Pueblo Grifo ,1.9
Calle,63,Avenida,14,Avenida,16,Calle 63 entre Avenida 14 y Avenida 16,280,Punta Gorda,1.8
Calle,63,Avenida,16,Avenida,18,Calle 63 entre Avenida 16 y Avenida 18,280,Punta Gorda,1.8
Calle,63,Avenida,20,Avenida,22,Calle 63 entre Avenida 20 y Avenida 22,250,Punta Gorda,1.5
Calle,63,Avenida,28,Avenida,30,Calle 63 entre Avenida 28 y Avenida 30,210,Reparto de los Medicos,1.1
Calle,63,Avenida,30,Avenida,34,Calle 63 entre Avenida 30 y Avenida 34,200,Reparto de los Medicos,1
Calle,63,Avenida,34,Calle,61B,Calle 63 entre Avenida 34 y Calle 61B,200,Reparto de los Medicos,0.7
Calle,63,Calle,61B,Calle,67,Calle 63 entre Calle 61B y Calle 67,200,Reparto Hermanas Giral,0.7
Calle,63,Calle,67,Calle,61A,Calle 63 entre Calle 67 y Calle 61A,200,Reparto Hermanas Giral,0.5
Calle,63,Avenida,42,Avenida,44,Calle 63 entre Avenida 42 y Avenida 44,200,La Juanita,0.4
Calle,63,Avenida,44,Avenida,46,Calle 63 entre Avenida 44 y Avenida 46,200,La Juanita,0.5
Calle,63,Avenida,46,Avenida,48,Calle 63 entre Avenida 46 y Avenida 48,200,La Juanita,0.6
Calle,63,Avenida,48,Avenida,50,Calle 63 entre Avenida 48 y Avenida 50,200,La Juanita,0.7
Calle,63,Avenida,50,Avenida,52,Calle 63 entre Avenida 50 y Avenida 52,200,La Juanita,0.8
Calle,63,Avenida,52,Avenida,54,Calle 63 entre Avenida 52 y Avenida 54,200,La Juanita,0.9
Calle,63,Avenida,54,Avenida,56,Calle 63 entre Avenida 54 y Avenida 56,200,La Juanita,1
Calle,63,Avenida,56,Avenida,58,Calle 63 entre Avenida 56 y Avenida 58,210,La Juanita,1.1
Calle,63,Avenida,58,Avenida,60,Calle 63 entre Avenida 58 y Avenida 60,220,La Juanita,1.2
Calle,63,Avenida,60,Avenida,62,Calle 63 entre Avenida 60 y Avenida 62,230,La Juanita,1.3
Calle,63,Avenida,62,Avenida,64A,Calle 63 entre Avenida 62 y Avenida 64A,240,La Juanita,1.4
Calle,63,Avenida,64A,Calle,10 NE,Calle 63 entre Avenida 64A y Calle 10 NE,250,La Juanita,1.5
Calle,63,Calle,2 NE,Calle,4 NE,Calle 63 entre Calle 2 NE y Calle 4 NE,260,La Juanita,1.6
Calle,63,Calle,4 NE,Calle,6 NE,Calle 63 entre Calle 4 NE y Calle 6 NE,270,La Juanita,1.7
Calle,63,Calle,6 NE,Calle,8 NE,Calle 63 entre Calle 6 NE y Calle 8 NE,280,La Juanita,1.8
Calle,63,Calle,8 NE,Calle,10 NE,Calle 63 entre Calle 8 NE y Calle 10 NE,290,La Juanita,1.9
Calle,63,Avenida,64,Calle,2 NE,Calle 63 entre Avenida 64 y Calle 2 NE,300,La Juanita,2
Calle,63,Avenida,64,Avenida,66,Calle 63 entre Avenida 64 y Avenida 66,310,Pueblo Grifo ,2.1
Calle,63,Avenida,66,Avenida,68,Calle 63 entre Avenida 66 y Avenida 68,320,Pueblo Grifo ,2.2
Calle,63,Avenida,68,Avenida,70,Calle 63 entre Avenida 68 y Avenida 70,330,Pueblo Grifo ,2.3
Calle,63,Avenida,70,Avenida,72,Calle 63 entre Avenida 70 y Avenida 72,340,Pueblo Grifo ,2.4
Calle,63,Avenida,72,Avenida,74,Calle 63 entre Avenida 72 y Avenida 74,350,Pueblo Grifo ,2.5
Calle,63,Avenida,74,Avenida,76,Calle 63 entre Avenida 74 y Avenida 76,360,Pueblo Grifo ,2.6
Calle,63,Avenida,76,Avenida,78,Calle 63 entre Avenida 76 y Avenida 78,370,Pueblo Grifo ,2.7
Calle,63,Avenida,78,Avenida,78A,Calle 63 entre Avenida 78 y Avenida 78A,380,Pueblo Grifo ,2.8
Calle,63,Avenida,78A,Avenida,80,Calle 63 entre Avenida 78A y Avenida 80,390,Pueblo Grifo ,2.9
Calle,65,Avenida,14,Avenida,16,Calle 65 entre Avenida 14 y Avenida 16,290,Punta Gorda,1.9
Calle,65,Avenida,16,Avenida,18,Calle 65 entre Avenida 16 y Avenida 18,280,Punta Gorda,1.8
Calle,65,Avenida,18,Avenida,20,Calle 65 entre Avenida 18 y Avenida 20,270,Punta Gorda,1.7
Calle,65,Avenida,20,Avenida,22,Calle 65 entre Avenida 20 y Avenida 22,260,Punta Gorda,1.6
Calle,65,Avenida,42,Avenida,44,Calle 65 entre Avenida 42 y Avenida 44,200,La Juanita,0.5
Calle,65,Avenida,44,Avenida,46,Calle 65 entre Avenida 44 y Avenida 46,200,La Juanita,0.6
Calle,65,Avenida,46,Avenida,48,Calle 65 entre Avenida 46 y Avenida 48,200,La Juanita,0.7
Calle,65,Avenida,48,Avenida,50,Calle 65 entre Avenida 48 y Avenida 50,200,La Juanita,0.8
Calle,65,Avenida,50,Avenida,52,Calle 65 entre Avenida 50 y Avenida 52,200,La Juanita,0.9
Calle,65,Avenida,52,Avenida,54,Calle 65 entre Avenida 52 y Avenida 54,200,La Juanita,1
Calle,65,Avenida,54,Avenida,56,Calle 65 entre Avenida 54 y Avenida 56,210,La Juanita,1.1
Calle,65,Avenida,56,Avenida,58,Calle 65 entre Avenida 56 y Avenida 58,220,La Juanita,1.2
Calle,65,Avenida,58,Avenida,60,Calle 65 entre Avenida 58 y Avenida 60,230,La Juanita,1.3
Calle,65,Avenida,60,Avenida,62,Calle 65 entre Avenida 60 y Avenida 62,240,La Juanita,1.4
Calle,65,Avenida,62,Avenida,64A,Calle 65 entre Avenida 62 y Avenida 64A,250,La Juanita,1.5
Calle,65,Calle,4 NE,Calle,6 NE,Calle 65 entre Calle 4 NE y Calle 6 NE,280,La Juanita,1.8
Calle,65,Calle,6 NE,Calle,8 NE,Calle 65 entre Calle 6 NE y Calle 8 NE,270,La Juanita,1.7
Calle,65,Calle,8 NE,Calle,10 NE,Calle 65 entre Calle 8 NE y Calle 10 NE,270,La Juanita,1.7
Calle,65A,Avenida,70,Avenida,72,Calle 65A entre Avenida 70 y Avenida 72,350,Pueblo Grifo ,2.5
Calle,65,Avenida,72,Avenida,74,Calle 65 entre Avenida 72 y Avenida 74,350,Pueblo Grifo ,2.5
Calle,65,Avenida,74,Avenida,76,Calle 65 entre Avenida 74 y Avenida 76,360,Pueblo Grifo ,2.6
Calle,65,Avenida,76,Avenida,78,Calle 65 entre Avenida 76 y Avenida 78,370,Pueblo Grifo ,2.7
Calle,65,Avenida,78,Avenida,78A,Calle 65 entre Avenida 78 y Avenida 78A,380,Pueblo Grifo ,2.8
Calle,65,Avenida,78A,Calle,65A,Calle 65 entre Avenida 78A y Calle 65A,400,Pueblo Grifo ,3
Calle,65A,Calle,65,Avenida,80,Calle 65A entre Calle 65 y Avenida 80,410,Pueblo Grifo ,3.1
Calle,65,Calle,65A,Avenida,80,Calle 65 entre Calle 65A y Avenida 80,410,Pueblo Grifo ,3.1
Calle,67,Calle,63,Avenida,42,Calle 67 entre Calle 63 y Avenida 42,200,Reparto Hermanas Giral,0.6
Calle,67,Avenida,42,Avenida,44,Calle 67 entre Avenida 42 y Avenida 44,200,La Juanita,0.5
Calle,67,Avenida,44,Avenida,46,Calle 67 entre Avenida 44 y Avenida 46,200,La Juanita,0.6
Calle,67,Avenida,46,Avenida,48,Calle 67 entre Avenida 46 y Avenida 48,200,La Juanita,0.7
Calle,67,Avenida,48,Avenida,50,Calle 67 entre Avenida 48 y Avenida 50,200,La Juanita,0.8
Calle,67,Avenida,50,Avenida,52,Calle 67 entre Avenida 50 y Avenida 52,210,La Juanita,1.1
Calle,67,Avenida,52,Avenida,54,Calle 67 entre Avenida 52 y Avenida 54,220,La Juanita,1.2
Calle,67,Avenida,54,Avenida,56,Calle 67 entre Avenida 54 y Avenida 56,230,La Juanita,1.3
Calle,67,Avenida,56,Avenida,58,Calle 67 entre Avenida 56 y Avenida 58,240,La Juanita,1.4
Calle,67,Avenida,58,Avenida,60,Calle 67 entre Avenida 58 y Avenida 60,250,La Juanita,1.5
Calle,67,Avenida,60,Avenida,62,Calle 67 entre Avenida 60 y Avenida 62,260,La Juanita,1.6
Calle,67,Avenida,62,Avenida,64A,Calle 67 entre Avenida 62 y Avenida 64A,270,La Juanita,1.7
Calle,67,Avenida,64A,Calle,12 NE,Calle 67 entre Avenida 64A y Calle 12 NE,280,La Juanita,1.8
Calle,67,Calle,10 NE,Calle,12 NE,Calle 67 entre Calle 10 NE y Calle 12 NE,270,La Juanita,1.7
Calle,67,Calle,8 NE,Calle,10 NE,Calle 67 entre Calle 8 NE y Calle 10 NE,280,La Juanita,1.8
Calle,67 NE,Calle,4 NE,Calle,6 NE,Calle 67 NE entre Calle 4 NE y Calle 6 NE,340,La Juanita,2.4
Calle,67,Avenida,70,Avenida,72,Calle 67 entre Avenida 70 y Avenida 72,370,Pueblo Grifo ,2.7
Calle,67,Avenida,72,Avenida,74,Calle 67 entre Avenida 72 y Avenida 74,370,Pueblo Grifo ,2.7
Calle,67,Avenida,74,Avenida,78,Calle 67 entre Avenida 74 y Avenida 78,380,Pueblo Grifo ,2.8
Calle,69,Avenida,42,Avenida,44,Calle 69 entre Avenida 42 y Avenida 44,200,La Juanita,0.9
Calle,69,Avenida,44,Avenida,46,Calle 69 entre Avenida 44 y Avenida 46,200,La Juanita,1
Calle,69,Avenida,46,Avenida,48,Calle 69 entre Avenida 46 y Avenida 48,210,La Juanita,1.1
Calle,69,Avenida,48,Avenida,50,Calle 69 entre Avenida 48 y Avenida 50,220,La Juanita,1.2
Calle,69,Avenida,50,Avenida,52,Calle 69 entre Avenida 50 y Avenida 52,230,La Juanita,1.3
Calle,69,Avenida,52,Avenida,54,Calle 69 entre Avenida 52 y Avenida 54,240,La Juanita,1.4
Calle,69,Avenida,54,Avenida,56,Calle 69 entre Avenida 54 y Avenida 56,250,La Juanita,1.5
Calle,69,Avenida,56,Avenida,58,Calle 69 entre Avenida 56 y Avenida 58,260,La Juanita,1.6
Calle,69,Avenida,58,Avenida,60,Calle 69 entre Avenida 58 y Avenida 60,270,La Juanita,1.7
Calle,69,Avenida,60,Avenida,62,Calle 69 entre Avenida 60 y Avenida 62,280,La Juanita,1.8
Calle,69,Avenida,62,Avenida,64A,Calle 69 entre Avenida 62 y Avenida 64A,290,La Juanita,1.9
Calle,69,Avenida,72,Avenida,74,Calle 69 entre Avenida 72 y Avenida 74,380,Pueblo Grifo ,2.8
Calle,69,Avenida,74,Avenida,78,Calle 69 entre Avenida 74 y Avenida 78,390,Pueblo Grifo ,2.9
Calle,69,Avenida,78,Avenida,78A,Calle 69 entre Avenida 78 y Avenida 78A,410,Pueblo Grifo ,3.1
Calle,69,Avenida,78A,Avenida,80,Calle 69 entre Avenida 78A y Avenida 80,420,Pueblo Grifo ,3.2
Calle,71,Avenida,42,Avenida,44,Calle 71 entre Avenida 42 y Avenida 44,200,La Juanita,0.8
Calle,71,Avenida,44,Avenida,46,Calle 71 entre Avenida 44 y Avenida 46,200,La Juanita,0.9
Calle,71,Avenida,46,Avenida,48,Calle 71 entre Avenida 46 y Avenida 48,200,La Juanita,1
Calle,71,Avenida,48,Avenida,50,Calle 71 entre Avenida 48 y Avenida 50,210,La Juanita,1.1
Calle,71,Avenida,50,Avenida,52,Calle 71 entre Avenida 50 y Avenida 52,220,La Juanita,1.2
Calle,71,Avenida,52,Avenida,54,Calle 71 entre Avenida 52 y Avenida 54,230,La Juanita,1.3
Calle,71,Avenida,54,Avenida,56,Calle 71 entre Avenida 54 y Avenida 56,240,La Juanita,1.4
Calle,71,Avenida,56,Avenida,58,Calle 71 entre Avenida 56 y Avenida 58,250,La Juanita,1.5
Calle,71,Avenida,58,Avenida,60,Calle 71 entre Avenida 58 y Avenida 60,260,La Juanita,1.6
Calle,71,Avenida,60,Avenida,62,Calle 71 entre Avenida 60 y Avenida 62,270,La Juanita,1.7
Calle,71,Avenida,62,Avenida,64A,Calle 71 entre Avenida 62 y Avenida 64A,280,La Juanita,1.8
Calle,71,Avenida,64A,Calle,14 NE,Calle 71 entre Avenida 64A y Calle 14 NE,290,La Juanita,1.9
Calle,71,Calle,10 NE,Calle,12 NE,Calle 71 entre Calle 10 NE y Calle 12 NE,310,La Juanita,2.1
Calle,71,Calle,12 NE,Calle,14 NE,Calle 71 entre Calle 12 NE y Calle 14 NE,300,La Juanita,2
Calle,71,Avenida,78,Avenida,78A,Calle 71 entre Avenida 78 y Avenida 78A,440,Pueblo Grifo ,3.4
Calle,71,Avenida,78A,Avenida,80,Calle 71 entre Avenida 78A y Avenida 80,450,Pueblo Grifo ,3.5
Calle,73,Avenida,42,Avenida,44,Calle 73 entre Avenida 42 y Avenida 44,200,La Juanita,0.9
Calle,73,Avenida,44,Avenida,46,Calle 73 entre Avenida 44 y Avenida 46,200,La Juanita,1
Calle,73,Avenida,46,Avenida,48,Calle 73 entre Avenida 46 y Avenida 48,210,La Juanita,1.1
Calle,73,Avenida,48,Avenida,50,Calle 73 entre Avenida 48 y Avenida 50,220,La Juanita,1.2
Calle,73,Avenida,50,Avenida,52,Calle 73 entre Avenida 50 y Avenida 52,230,La Juanita,1.3
Calle,73,Avenida,52,Avenida,54,Calle 73 entre Avenida 52 y Avenida 54,240,La Juanita,1.4
Calle,73,Avenida,54,Avenida,56,Calle 73 entre Avenida 54 y Avenida 56,250,La Juanita,1.5
Calle,73,Avenida,56,Avenida,58,Calle 73 entre Avenida 56 y Avenida 58,260,La Juanita,1.6
Calle,73,Avenida,58,Avenida,60,Calle 73 entre Avenida 58 y Avenida 60,270,La Juanita,1.7
Calle,73,Avenida,60,Avenida,62,Calle 73 entre Avenida 60 y Avenida 62,280,La Juanita,1.8
Calle,73,Avenida,62,Avenida,64A,Calle 73 entre Avenida 62 y Avenida 64A,290,La Juanita,1.9
Calle,73,Avenida,64A,Calle,16 NE,Calle 73 entre Avenida 64A y Calle 16 NE,290,La Juanita,1.9
Calle,73,Calle,6 NE,Calle,8 NE,Calle 73 entre Calle 6 NE y Calle 8 NE,330,La Juanita,2.3
Calle,73,Calle,8 NE,Calle,10 NE,Calle 73 entre Calle 8 NE y Calle 10 NE,320,La Juanita,2.2
Calle,73,Calle,10 NE,Calle,12 NE,Calle 73 entre Calle 10 NE y Calle 12 NE,310,La Juanita,2.1
Calle,73,Calle,12 NE,Calle,14 NE,Calle 73 entre Calle 12 NE y Calle 14 NE,300,La Juanita,2
Calle,73,Calle,14 NE,Calle,16 NE,Calle 73 entre Calle 14 NE y Calle 16 NE,290,La Juanita,1.9
Calle,75,Avenida,28,Avenida,30A,Calle 75 entre Avenida 28 y Avenida 30A,270,Callejon Calabazas,1.7
Calle,75,Avenida,30A,Avenida,32,Calle 75 entre Avenida 30A y Avenida 32,280,Callejon Calabazas,1.8
Calle,75,Avenida,32,Avenida,34,Calle 75 entre Avenida 32 y Avenida 34,290,Callejon Calabazas,1.9
Calle,75,Avenida,34,Avenida,36,Calle 75 entre Avenida 34 y Avenida 36,240,Callejon Calabazas,1.4
Calle,75,Avenida,36,Avenida,38,Calle 75 entre Avenida 36 y Avenida 38,210,Callejon Calabazas,1.1
Calle,75,Avenida,38,Avenida,40,Calle 75 entre Avenida 38 y Avenida 40,200,Callejon Calabazas,1
Calle,75,Avenida,40,Avenida,42,Calle 75 entre Avenida 40 y Avenida 42,200,Callejon Calabazas,1
Calle,75,Avenida,42,Avenida,44,Calle 75 entre Avenida 42 y Avenida 44,200,La Juanita,1
Calle,75,Avenida,44,Avenida,46,Calle 75 entre Avenida 44 y Avenida 46,210,La Juanita,1.1
Calle,75,Avenida,46,Avenida,48,Calle 75 entre Avenida 46 y Avenida 48,220,La Juanita,1.2
Calle,75,Avenida,48,Avenida,50,Calle 75 entre Avenida 48 y Avenida 50,230,La Juanita,1.3
Calle,75,Avenida,50,Avenida,52,Calle 75 entre Avenida 50 y Avenida 52,240,La Juanita,1.4
Calle,75,Avenida,52,Avenida,54,Calle 75 entre Avenida 52 y Avenida 54,250,La Juanita,1.5
Calle,75,Avenida,54,Avenida,56,Calle 75 entre Avenida 54 y Avenida 56,260,La Juanita,1.6
Calle,75,Avenida,56,Avenida,58,Calle 75 entre Avenida 56 y Avenida 58,270,La Juanita,1.7
Calle,75,Avenida,58,Avenida,60,Calle 75 entre Avenida 58 y Avenida 60,280,Tulipan,1.8
Calle,75,Avenida,60,Avenida,62,Calle 75 entre Avenida 60 y Avenida 62,290,Tulipan,1.9
Calle,75,Avenida,62,Avenida,64A,Calle 75 entre Avenida 62 y Avenida 64A,300,Tulipan,2
Calle,75,Avenida,64A,Calle,18 NE,Calle 75 entre Avenida 64A y Calle 18 NE,300,Tulipan,2
Calle,75,Calle,2 NE,Calle,4 NE,Calle 75 entre Calle 2 NE y Calle 4 NE,360,Tulipan,2.6
Calle,75,Calle,4 NE ,Calle,6 NE,Calle 75 entre Calle 4 NE  y Calle 6 NE,350,Tulipan,2.5
Calle,75,Calle,6 NE,Calle,8 NE ,Calle 75 entre Calle 6 NE y Calle 8 NE ,340,Tulipan,2.4
Calle,75,Calle,8 NE ,Calle,10 NE ,Calle 75 entre Calle 8 NE  y Calle 10 NE ,330,Tulipan,2.3
Calle,75,Calle,10 NE ,Calle,12 NE ,Calle 75 entre Calle 10 NE  y Calle 12 NE ,320,Tulipan,2.2
Calle,75,Calle,12 NE ,Calle,14 NE ,Calle 75 entre Calle 12 NE  y Calle 14 NE ,310,Tulipan,2.1
Calle,75,Calle,14 NE ,Calle,16 NE ,Calle 75 entre Calle 14 NE  y Calle 16 NE ,300,Tulipan,2
Calle,75,Calle,16 NE ,Calle,18 NE,Calle 75 entre Calle 16 NE  y Calle 18 NE,290,Tulipan,1.9
Calle,75,Avenida,64,Calle,2 NE,Calle 75 entre Avenida 64 y Calle 2 NE,360,Tulipan,2.6
Calle,77,Avenida,48,Avenida,48A,Calle 77 entre Avenida 48 y Avenida 48A,250,La Juanita,1.5
Calle,77,Avenida,48A,Avenida,50,Calle 77 entre Avenida 48A y Avenida 50,240,La Juanita,1.4
Calle,77,Avenida,58,Avenida,60,Calle 77 entre Avenida 58 y Avenida 60,280,Tulipan,1.8
Calle,77,Avenida,60,Avenida,62,Calle 77 entre Avenida 60 y Avenida 62,290,Tulipan,1.9
Calle,77,Avenida,62,Avenida,64A,Calle 77 entre Avenida 62 y Avenida 64A,300,Tulipan,2
Calle,77,Avenida,20 NE,Calle,18 NE,Calle 77 entre Avenida 20 NE y Calle 18 NE,320,Tulipan,2.2
Calle,77,Avenida,64,Calle,4 NE,Calle 77 entre Avenida 64 y Calle 4 NE,370,Tulipan,2.7
Calle,77,Calle,4 NE,Calle,6 NE,Calle 77 entre Calle 4 NE y Calle 6 NE,360,Tulipan,2.6
Calle,77,Calle,6 NE,Calle,8 NE,Calle 77 entre Calle 6 NE y Calle 8 NE,350,Tulipan,2.5
Calle,77,Calle,8 NE,Calle,10 NE,Calle 77 entre Calle 8 NE y Calle 10 NE,340,Tulipan,2.4
Calle,77,Calle,10 NE,Calle,12 NE,Calle 77 entre Calle 10 NE y Calle 12 NE,330,Tulipan,2.3
Calle,77,Calle,12 NE,Calle,14 NE,Calle 77 entre Calle 12 NE y Calle 14 NE,320,Tulipan,2.2
Calle,77,Calle,14 NE,Calle,16 NE,Calle 77 entre Calle 14 NE y Calle 16 NE,310,Tulipan,2.1
Calle,77,Calle,16 NE,Calle,18 NE,Calle 77 entre Calle 16 NE y Calle 18 NE,300,Tulipan,2
Calle,77,Avenida,32,Avenida,34,Calle 77 entre Avenida 32 y Avenida 34,320,Junco Sur,2.2
Calle,79,Avenida,28,Avenida,28A,Calle 79 entre Avenida 28 y Avenida 28A,280,Junco Sur,1.8
Calle,79,Avenida,28,Avenida,30,Calle 79 entre Avenida 28 y Avenida 30,290,Junco Sur,1.9
Calle,79,Avenida,30,Avenida,32,Calle 79 entre Avenida 30 y Avenida 32,300,Junco Sur,2
Calle,79,Avenida,36,Avenida,36A,Calle 79 entre Avenida 36 y Avenida 36A,280,Junco Sur,1.8
Calle,79,Avenida,36A,Avenida,38,Calle 79 entre Avenida 36A y Avenida 38,270,Junco Sur,1.7
Calle,79A,Avenida,34,Avenida,36,Calle 79A entre Avenida 34 y Avenida 36,250,Junco Sur,1.5
Calle,79A,Avenida,36,Avenida,36A,Calle 79A entre Avenida 36 y Avenida 36A,260,Junco Sur,1.6
Calle,79A,Avenida,36A,Avenida,38,Calle 79A entre Avenida 36A y Avenida 38,250,Junco Sur,1.5
Calle,79A,Avenida,38,Avenida,40,Calle 79A entre Avenida 38 y Avenida 40,240,Junco Sur,1.4
Calle,79A,Avenida,40,Avenida,42,Calle 79A entre Avenida 40 y Avenida 42,230,Junco Sur,1.3
Calle,79,Avenida,42,Avenida,48,Calle 79 entre Avenida 42 y Avenida 48,220,Junco Sur,1.2
Calle,79,Avenida,56,Avenida,58,Calle 79 entre Avenida 56 y Avenida 58,290,Tulipan,1.9
Calle,79,Avenida,58,Avenida,60,Calle 79 entre Avenida 58 y Avenida 60,290,Tulipan,1.9
Calle,79,Avenida,60,Avenida,62,Calle 79 entre Avenida 60 y Avenida 62,300,Tulipan,2
Calle,79,Avenida,62,Avenida,64A,Calle 79 entre Avenida 62 y Avenida 64A,310,Tulipan,2.1
Calle,79,Avenida,64A,Calle,20 NE,Calle 79 entre Avenida 64A y Calle 20 NE,320,Tulipan,2.2
Calle,79,Calle,4 NE,Calle,6 NE,Calle 79 entre Calle 4 NE y Calle 6 NE,390,Tulipan,2.9
Calle,79,Calle,6 NE,Calle,8 NE,Calle 79 entre Calle 6 NE y Calle 8 NE,380,Tulipan,2.8
Calle,79,Calle,8 NE,Calle,10 NE,Calle 79 entre Calle 8 NE y Calle 10 NE,370,Tulipan,2.7
Calle,79,Calle,10 NE,Calle,12 NE,Calle 79 entre Calle 10 NE y Calle 12 NE,360,Tulipan,2.6
Calle,79,Calle,12 NE,Calle,14 NE,Calle 79 entre Calle 12 NE y Calle 14 NE,350,Tulipan,2.5
Calle,79,Calle,14 NE,Calle,16 NE,Calle 79 entre Calle 14 NE y Calle 16 NE,340,Tulipan,2.4
Calle,79,Calle,16 NE,Calle,18 NE,Calle 79 entre Calle 16 NE y Calle 18 NE,330,Tulipan,2.3
Calle,79,Calle,18 NE,Calle,20 NE,Calle 79 entre Calle 18 NE y Calle 20 NE,320,Tulipan,2.2
Calle,79,Avenida,64,Calle,4 NE,Calle 79 entre Avenida 64 y Calle 4 NE,400,Tulipan,3
Calle,81,Avenida,28A,Avenida,30,Calle 81 entre Avenida 28A y Avenida 30,310,Junco Sur,2.1
Calle,81,Avenida,30,Avenida,32,Calle 81 entre Avenida 30 y Avenida 32,300,Junco Sur,2
Calle,81,Avenida,32,Avenida,34,Calle 81 entre Avenida 32 y Avenida 34,290,Junco Sur,1.9
Calle,81,Avenida,34,Avenida,36,Calle 81 entre Avenida 34 y Avenida 36,280,Junco Sur,1.8
Calle,81,Avenida,36,Avenida,36A,Calle 81 entre Avenida 36 y Avenida 36A,270,Junco Sur,1.7
Calle,81,Avenida,36A,Avenida,38,Calle 81 entre Avenida 36A y Avenida 38,260,Junco Sur,1.6
Calle,81,Avenida,38,Avenida,40,Calle 81 entre Avenida 38 y Avenida 40,250,Junco Sur,1.5
Calle,81,Avenida,40,Avenida,42,Calle 81 entre Avenida 40 y Avenida 42,240,Junco Sur,1.4
Calle,81,Avenida,56,Avenida,58,Calle 81 entre Avenida 56 y Avenida 58,300,Tulipan,2
Calle,81,Avenida,58,Avenida,60,Calle 81 entre Avenida 58 y Avenida 60,300,Tulipan,2
Calle,81,Avenida,60,Avenida,62,Calle 81 entre Avenida 60 y Avenida 62,310,Tulipan,2.1
Calle,81,Avenida,62,Avenida,64A,Calle 81 entre Avenida 62 y Avenida 64A,320,Tulipan,2.2
Calle,81,Avenida,64A,Calle,22 NE,Calle 81 entre Avenida 64A y Calle 22 NE,330,Tulipan,2.3
Calle,81,Calle,4 NE,Calle,6 NE,Calle 81 entre Calle 4 NE y Calle 6 NE,390,Tulipan,2.9
Calle,81,Calle,6 NE,Calle,8 NE,Calle 81 entre Calle 6 NE y Calle 8 NE,380,Tulipan,2.8
Calle,81,Calle,8 NE,Calle,10 NE,Calle 81 entre Calle 8 NE y Calle 10 NE,370,Tulipan,2.7
Calle,81,Calle,10 NE,Calle,12 NE,Calle 81 entre Calle 10 NE y Calle 12 NE,360,Tulipan,2.6
Calle,81,Calle,12 NE,Calle,14 NE,Calle 81 entre Calle 12 NE y Calle 14 NE,350,Tulipan,2.5
Calle,81,Calle,14 NE,Calle,16 NE,Calle 81 entre Calle 14 NE y Calle 16 NE,340,Tulipan,2.4
Calle,81,Calle,16 NE,Calle,18 NE,Calle 81 entre Calle 16 NE y Calle 18 NE,330,Tulipan,2.3
Calle,81,Calle,18 NE,Calle,20 NE,Calle 81 entre Calle 18 NE y Calle 20 NE,320,Tulipan,2.2
Calle,81,Calle,20 NE,Calle,22 NE,Calle 81 entre Calle 20 NE y Calle 22 NE,310,Tulipan,2.1
Calle,83,Avenida,30,Avenida,32,Calle 83 entre Avenida 30 y Avenida 32,310,Junco Sur,2.1
Calle,83,Avenida,32,Avenida,34,Calle 83 entre Avenida 32 y Avenida 34,300,Junco Sur,2
Calle,83,Avenida,56,Avenida,58,Calle 83 entre Avenida 56 y Avenida 58,310,Tulipan,2.1
Calle,83,Avenida,58,Avenida,60,Calle 83 entre Avenida 58 y Avenida 60,310,Tulipan,2.1
Calle,83,Avenida,60,Avenida,62,Calle 83 entre Avenida 60 y Avenida 62,300,Tulipan,2
Calle,83,Avenida,62,Avenida,64A,Calle 83 entre Avenida 62 y Avenida 64A,290,Tulipan,1.9
Calle,83,Avenida,64,Calle,2 NE,Calle 83 entre Avenida 64 y Calle 2 NE,410,Tulipan,3.1
Calle,83,Calle,2 NE,Calle,4 NE,Calle 83 entre Calle 2 NE y Calle 4 NE,400,Tulipan,3
Calle,83,Calle,4 NE,Calle,6 NE,Calle 83 entre Calle 4 NE y Calle 6 NE,380,Tulipan,2.8
Calle,83,Calle,6 NE,Calle,8 NE,Calle 83 entre Calle 6 NE y Calle 8 NE,370,Tulipan,2.7
Calle,83,Calle,8 NE,Calle,10 NE,Calle 83 entre Calle 8 NE y Calle 10 NE,360,Tulipan,2.6
Calle,83,Calle,10 NE,Calle,12 NE,Calle 83 entre Calle 10 NE y Calle 12 NE,340,Tulipan,2.4
Calle,83,Calle,12 NE,Calle,14 NE,Calle 83 entre Calle 12 NE y Calle 14 NE,340,Tulipan,2.4
Calle,83,Calle,14 NE,Calle,16 NE,Calle 83 entre Calle 14 NE y Calle 16 NE,330,Tulipan,2.3
Calle,83,Calle,16 NE,Calle,18 NE,Calle 83 entre Calle 16 NE y Calle 18 NE,330,Tulipan,2.3
Calle,83,Calle,18 NE,Calle,20 NE,Calle 83 entre Calle 18 NE y Calle 20 NE,350,Tulipan,2.5
Calle,83,Calle,20 NE,Calle,22 NE,Calle 83 entre Calle 20 NE y Calle 22 NE,340,Tulipan,2.4
Calle,83A,Avenida,70,Avenida,72,Calle 83A entre Avenida 70 y Avenida 72,550,Buena Vista,4.5
Calle,83A,Avenida,72,Avenida,76,Calle 83A entre Avenida 72 y Avenida 76,560,Buena Vista,4.6
Calle,83,Avenida,70,Avenida,72,Calle 83 entre Avenida 70 y Avenida 72,410,Pueblo Grifo ,3.1
Calle,85,Avenida,32,Avenida,34,Calle 85 entre Avenida 32 y Avenida 34,320,Junco Sur,2.2
Calle,85,Avenida,34,Avenida,36,Calle 85 entre Avenida 34 y Avenida 36,310,Junco Sur,2.1
Calle,85,Avenida,56,Avenida,58,Calle 85 entre Avenida 56 y Avenida 58,320,Tulipan,2.2
Calle,85,Avenida,58,Avenida,60,Calle 85 entre Avenida 58 y Avenida 60,320,Tulipan,2.2
Calle,85,Avenida,60,Avenida,62,Calle 85 entre Avenida 60 y Avenida 62,330,Tulipan,2.3
Calle,85,Avenida,62,Avenida,64A,Calle 85 entre Avenida 62 y Avenida 64A,340,Tulipan,2.4
Calle,85,Avenida,64A,Calle,22 NE,Calle 85 entre Avenida 64A y Calle 22 NE,350,Tulipan,2.5
Calle,85,Calle,2 NE ,Calle,4 NE,Calle 85 entre Calle 2 NE  y Calle 4 NE,450,Tulipan,3.5
Calle,85,Calle,4 NE,Calle,6 NE ,Calle 85 entre Calle 4 NE y Calle 6 NE ,440,Tulipan,3.4
Calle,85,Calle,6 NE ,Calle,8 NE ,Calle 85 entre Calle 6 NE  y Calle 8 NE ,430,Tulipan,3.3
Calle,85,Calle,8 NE ,Calle,10 NE ,Calle 85 entre Calle 8 NE  y Calle 10 NE ,420,Tulipan,3.2
Calle,85,Calle,10 NE ,Calle,12 NE ,Calle 85 entre Calle 10 NE  y Calle 12 NE ,410,Tulipan,3.1
Calle,85,Calle,12 NE ,Calle,14 NE ,Calle 85 entre Calle 12 NE  y Calle 14 NE ,400,Tulipan,3
Calle,85,Calle,14 NE ,Calle,16 NE ,Calle 85 entre Calle 14 NE  y Calle 16 NE ,390,Tulipan,2.9
Calle,85,Calle,16 NE ,Calle,18 NE ,Calle 85 entre Calle 16 NE  y Calle 18 NE ,380,Tulipan,2.8
Calle,85,Calle,18 NE ,Calle,20 NE ,Calle 85 entre Calle 18 NE  y Calle 20 NE ,370,Tulipan,2.7
Calle,85,Calle,20 NE ,Calle,22 NE,Calle 85 entre Calle 20 NE  y Calle 22 NE,360,Tulipan,2.6
Calle,85,Avenida,64,Calle,2 NE,Calle 85 entre Avenida 64 y Calle 2 NE,460,Tulipan,3.6
Calle,85,Calle,113,Calle,ALMACENES DEL MIEDO,Calle 85 entre Calle 113 y Calle ALMACENES DEL MIEDO,500,Almacenes,4
Calle,87,Avenida,28,Avenida,30,Calle 87 entre Avenida 28 y Avenida 30,350,Junco Sur,2.5
Calle,87,Avenida,30,Avenida,32,Calle 87 entre Avenida 30 y Avenida 32,340,Junco Sur,2.4
Calle,87,Avenida,56,Avenida,58,Calle 87 entre Avenida 56 y Avenida 58,330,Tulipan,2.3
Calle,87,Avenida,58,Avenida,60,Calle 87 entre Avenida 58 y Avenida 60,330,Tulipan,2.3
Calle,87,Avenida,60,Avenida,62,Calle 87 entre Avenida 60 y Avenida 62,340,Tulipan,2.4
Calle,87,Avenida,62,Avenida,64A,Calle 87 entre Avenida 62 y Avenida 64A,350,Tulipan,2.5
Calle,87,Avenida,64A,Calle,24 NE,Calle 87 entre Avenida 64A y Calle 24 NE,360,Tulipan,2.6
Calle,87,Calle,2 NE,Calle,4 NE,Calle 87 entre Calle 2 NE y Calle 4 NE,460,Tulipan,3.6
Calle,87,Calle,4 NE,Calle,6 NE,Calle 87 entre Calle 4 NE y Calle 6 NE,450,Tulipan,3.5
Calle,87,Calle,6 NE,Calle,8 NE,Calle 87 entre Calle 6 NE y Calle 8 NE,440,Tulipan,3.4
Calle,87,Calle,8 NE,Calle,10 NE,Calle 87 entre Calle 8 NE y Calle 10 NE,430,Tulipan,3.3
Calle,87,Calle,10 NE,Calle,12 NE,Calle 87 entre Calle 10 NE y Calle 12 NE,420,Tulipan,3.2
Calle,87,Calle,12 NE,Calle,14 NE,Calle 87 entre Calle 12 NE y Calle 14 NE,410,Tulipan,3.1
Calle,87,Calle,14 NE,Calle,16 NE,Calle 87 entre Calle 14 NE y Calle 16 NE,400,Tulipan,3
Calle,87,Calle,16 NE,Calle,18 NE,Calle 87 entre Calle 16 NE y Calle 18 NE,390,Tulipan,2.9
Calle,87,Calle,18 NE,Calle,20 NE,Calle 87 entre Calle 18 NE y Calle 20 NE,380,Tulipan,2.8
Calle,87,Calle,20 NE,Calle,22 NE,Calle 87 entre Calle 20 NE y Calle 22 NE,370,Tulipan,2.7
Calle,87,Calle,22 NE,Calle,24 NE,Calle 87 entre Calle 22 NE y Calle 24 NE,360,Tulipan,2.6
Calle,87,Avenida,64,Calle,2 NE,Calle 87 entre Avenida 64 y Calle 2 NE,470,Tulipan,3.7
Calle,87,Avenida,64,Avenida,66,Calle 87 entre Avenida 64 y Avenida 66,390,Buena Vista,2.9
Calle,87,Avenida,66,Avenida,68,Calle 87 entre Avenida 66 y Avenida 68,400,Buena Vista,3
Calle,87,Avenida,68,Avenida,70,Calle 87 entre Avenida 68 y Avenida 70,410,Buena Vista,3.1
Calle,89,Avenida,28,Avenida,30,Calle 89 entre Avenida 28 y Avenida 30,360,Junco Sur,2.6
Calle,89,Avenida,30,Avenida,32,Calle 89 entre Avenida 30 y Avenida 32,350,Junco Sur,2.5
Calle,89,Avenida,56,Avenida,58,Calle 89 entre Avenida 56 y Avenida 58,340,Tulipan,2.4
Calle,89,Avenida,58,Avenida,60,Calle 89 entre Avenida 58 y Avenida 60,340,Tulipan,2.4
Calle,89,Avenida,60,Avenida,62,Calle 89 entre Avenida 60 y Avenida 62,350,Tulipan,2.5
Calle,89,Avenida,62,Avenida,64A,Calle 89 entre Avenida 62 y Avenida 64A,360,Tulipan,2.6
Calle,89,Avenida,64A,Calle,26 NE,Calle 89 entre Avenida 64A y Calle 26 NE,380,Tulipan,2.8
Calle,89,Calle,4 NE,Calle,6 NE,Calle 89 entre Calle 4 NE y Calle 6 NE,460,Tulipan,3.6
Calle,89,Calle,6 NE,Calle,8 NE,Calle 89 entre Calle 6 NE y Calle 8 NE,450,Tulipan,3.5
Calle,89,Calle,8 NE,Calle,10 NE,Calle 89 entre Calle 8 NE y Calle 10 NE,440,Tulipan,3.4
Calle,89,Calle,10 NE,Calle,12 NE,Calle 89 entre Calle 10 NE y Calle 12 NE,430,Tulipan,3.3
Calle,89,Calle,12 NE,Calle,14 NE,Calle 89 entre Calle 12 NE y Calle 14 NE,420,Tulipan,3.2
Calle,89,Calle,14 NE,Calle,16 NE,Calle 89 entre Calle 14 NE y Calle 16 NE,410,Tulipan,3.1
Calle,89,Calle,16 NE,Calle,18 NE,Calle 89 entre Calle 16 NE y Calle 18 NE,400,Tulipan,3
Calle,89,Calle,18 NE,Calle,20 NE,Calle 89 entre Calle 18 NE y Calle 20 NE,390,Tulipan,2.9
Calle,89,Calle,20 NE,Calle,22 NE,Calle 89 entre Calle 20 NE y Calle 22 NE,380,Tulipan,2.8
Calle,89,Calle,22 NE,Calle,24 NE,Calle 89 entre Calle 22 NE y Calle 24 NE,370,Tulipan,2.7
Calle,89,Calle,24 NE,Calle,26 NE,Calle 89 entre Calle 24 NE y Calle 26 NE,360,Tulipan,2.6
Calle,89,Avenida,64,Avenida,66,Calle 89 entre Avenida 64 y Avenida 66,400,Buena Vista,3
Calle,89,Avenida,66,Avenida,68,Calle 89 entre Avenida 66 y Avenida 68,410,Buena Vista,3.1
Calle,89,Avenida,68,Avenida,70,Calle 89 entre Avenida 68 y Avenida 70,420,Buena Vista,3.2
Calle,89,Avenida,70,Avenida,72,Calle 89 entre Avenida 70 y Avenida 72,430,Buena Vista,3.3
Calle,89,Avenida,72,Avenida,76,Calle 89 entre Avenida 72 y Avenida 76,440,Buena Vista,3.4
Calle,89,Avenida,72,Avenida,74,Calle 89 entre Avenida 72 y Avenida 74,440,Buena Vista,3.4
Calle,91,Calle,89,Calle,12 PLANTA JUNCO SUR,Calle 91 entre Calle 89 y Calle 12 PLANTA JUNCO SUR,370,Junco Sur,2.7
Calle,91,Avenida,32,Calle,MARINA JUNCO SUR,Calle 91 entre Avenida 32 y Calle MARINA JUNCO SUR,340,Junco Sur,2.4
Calle,91,Avenida,58,Avenida,60,Calle 91 entre Avenida 58 y Avenida 60,350,Tulipan,2.5
Calle,91,Avenida,60,Avenida,62,Calle 91 entre Avenida 60 y Avenida 62,360,Tulipan,2.6
Calle,91,Avenida,62,Avenida,64A,Calle 91 entre Avenida 62 y Avenida 64A,370,Tulipan,2.7
Calle,93,Avenida,56,Avenida,58,Calle 93 entre Avenida 56 y Avenida 58,360,Tulipan,2.6
Calle,93,Avenida,58,Avenida,60,Calle 93 entre Avenida 58 y Avenida 60,360,Tulipan,2.6
Calle,93,Avenida,60,Avenida,62,Calle 93 entre Avenida 60 y Avenida 62,370,Tulipan,2.7
Calle,93,Avenida,62,Avenida,64A,Calle 93 entre Avenida 62 y Avenida 64A,380,Tulipan,2.8
Calle,93,Avenida,64A,Calle,28 NE,Calle 93 entre Avenida 64A y Calle 28 NE,380,Tulipan,2.8
Calle,93,Calle,10 NE ,Calle,12 NE,Calle 93 entre Calle 10 NE  y Calle 12 NE,390,Tulipan,2.9
Calle,93,Calle,12 NE,Calle,14 NE ,Calle 93 entre Calle 12 NE y Calle 14 NE ,390,Tulipan,2.9
Calle,93,Calle,14 NE ,Calle,16 NE ,Calle 93 entre Calle 14 NE  y Calle 16 NE ,380,Tulipan,2.8
Calle,93,Calle,16 NE ,Calle,18 NE ,Calle 93 entre Calle 16 NE  y Calle 18 NE ,370,Tulipan,2.7
Calle,93,Calle,18 NE ,Calle,20 NE ,Calle 93 entre Calle 18 NE  y Calle 20 NE ,380,Tulipan,2.8
Calle,93,Calle,20 NE ,Calle,22 NE ,Calle 93 entre Calle 20 NE  y Calle 22 NE ,370,Tulipan,2.7
Calle,93,Calle,22 NE ,Calle,24 NE ,Calle 93 entre Calle 22 NE  y Calle 24 NE ,360,Tulipan,2.6
Calle,93,Calle,24 NE ,Calle,26 NE ,Calle 93 entre Calle 24 NE  y Calle 26 NE ,380,Tulipan,2.8
Calle,93,Calle,26 NE ,Calle,28 NE,Calle 93 entre Calle 26 NE  y Calle 28 NE,380,Tulipan,2.8
Calle,97,Avenida,42,Avenida,56,Calle 97 entre Avenida 42 y Avenida 56,380,Tulipan,2.8
Calle,97,Avenida,56,Avenida,58,Calle 97 entre Avenida 56 y Avenida 58,380,Tulipan,2.8
Calle,97,Calle,12 NE,Calle,14 NE,Calle 97 entre Calle 12 NE y Calle 14 NE,390,Tulipan,2.9
Calle,97,Calle,14 NE,Calle,16 NE,Calle 97 entre Calle 14 NE y Calle 16 NE,360,Tulipan,2.6
Calle,97,Calle,16 NE,Calle,18 NE,Calle 97 entre Calle 16 NE y Calle 18 NE,370,Tulipan,2.7
Calle,97,Calle,18 NE,Calle,20 NE,Calle 97 entre Calle 18 NE y Calle 20 NE,380,Tulipan,2.8
Calle,97,Calle,20 NE,Calle,22 NE,Calle 97 entre Calle 20 NE y Calle 22 NE,400,Tulipan,3
Calle,97,Calle,22 NE,Calle,24 NE,Calle 97 entre Calle 22 NE y Calle 24 NE,400,Tulipan,3
Calle,97,Calle,24 NE,Calle,26 NE,Calle 97 entre Calle 24 NE y Calle 26 NE,400,Tulipan,3
Calle,97,Calle,26 NE,Calle,28 NE,Calle 97 entre Calle 26 NE y Calle 28 NE,400,Tulipan,3
Calle,97A,Avenida,64,Calle,2 NE,Calle 97A entre Avenida 64 y Calle 2 NE,410,Buena Vista,3.1
Calle,97,Avenida,64,Avenida,66,Calle 97 entre Avenida 64 y Avenida 66,410,Buena Vista,3.1
Calle,97,Avenida,66,Avenida,68,Calle 97 entre Avenida 66 y Avenida 68,420,Buena Vista,3.2
Calle,97,Avenida,68,Avenida,70,Calle 97 entre Avenida 68 y Avenida 70,430,Buena Vista,3.3
Calle,97,Avenida,70,Avenida,72,Calle 97 entre Avenida 70 y Avenida 72,440,Buena Vista,3.4
Calle,97,Avenida,72,Avenida,74,Calle 97 entre Avenida 72 y Avenida 74,450,Buena Vista,3.5
Calle,99,Calle,6 NE,Calle,10 NE,Calle 99 entre Calle 6 NE y Calle 10 NE,450,Tulipan,3.5
Calle,99,Calle,10 NE,Calle,12 NE,Calle 99 entre Calle 10 NE y Calle 12 NE,400,Tulipan,3
Calle,99,Calle,12 NE,Calle,14 NE,Calle 99 entre Calle 12 NE y Calle 14 NE,400,Tulipan,3
Calle,99,Calle,14 NE,Calle,16 NE,Calle 99 entre Calle 14 NE y Calle 16 NE,400,Tulipan,3
Calle,99,Calle,16 NE,Calle,18 NE,Calle 99 entre Calle 16 NE y Calle 18 NE,390,Tulipan,2.9
Calle,99,Calle,18 NE,Calle,20 NE,Calle 99 entre Calle 18 NE y Calle 20 NE,390,Tulipan,2.9
Calle,99,Calle,20 NE,Calle,22 NE,Calle 99 entre Calle 20 NE y Calle 22 NE,410,Tulipan,3.1
Calle,99,Calle,22 NE,Calle,24 NE,Calle 99 entre Calle 22 NE y Calle 24 NE,400,Tulipan,3
Calle,99,Calle,24 NE,Calle,26 NE,Calle 99 entre Calle 24 NE y Calle 26 NE,400,Tulipan,3
Calle,99,Avenida,64,Avenida,66,Calle 99 entre Avenida 64 y Avenida 66,420,Buena Vista,3.2
Calle,99,Avenida,66,Avenida,68,Calle 99 entre Avenida 66 y Avenida 68,430,Buena Vista,3.3
Calle,99,Avenida,68,Avenida,70,Calle 99 entre Avenida 68 y Avenida 70,440,Buena Vista,3.4
Calle,99,Avenida,70,Avenida,72,Calle 99 entre Avenida 70 y Avenida 72,450,Buena Vista,3.5
Calle,99,Avenida,72,Avenida,74,Calle 99 entre Avenida 72 y Avenida 74,460,Buena Vista,3.6
Calle,99,Avenida,74,Avenida,76,Calle 99 entre Avenida 74 y Avenida 76,470,Buena Vista,3.7
Calle,99A,Avenida,74,Avenida,76,Calle 99A entre Avenida 74 y Avenida 76,480,Buena Vista,3.8
Calle,101,Calle,6 NE,Calle,10 NE,Calle 101 entre Calle 6 NE y Calle 10 NE,480,Tulipan,3.8
Calle,101,Calle,10 NE,Calle,12 NE,Calle 101 entre Calle 10 NE y Calle 12 NE,470,Tulipan,3.7
Calle,101,Calle,16 NE,Calle,18 NE,Calle 101 entre Calle 16 NE y Calle 18 NE,400,Tulipan,3
Calle,101,Avenida,64,Avenida,66,Calle 101 entre Avenida 64 y Avenida 66,430,Buena Vista,3.3
Calle,101,Avenida,66,Avenida,68,Calle 101 entre Avenida 66 y Avenida 68,440,Buena Vista,3.4
Calle,101,Avenida,68,Avenida,70,Calle 101 entre Avenida 68 y Avenida 70,450,Buena Vista,3.5
Calle,101,Avenida,72,Avenida,74,Calle 101 entre Avenida 72 y Avenida 74,470,Buena Vista,3.7
Calle,103,Calle,10 NE,Calle,12 NE,Calle 103 entre Calle 10 NE y Calle 12 NE,470,Tulipan,3.7
Calle,103,Calle,12 NE,Calle,14 NE,Calle 103 entre Calle 12 NE y Calle 14 NE,480,Tulipan,3.8
Calle,103,Avenida,64,Avenida,66,Calle 103 entre Avenida 64 y Avenida 66,480,Buena Vista,3.8
Calle,103,Avenida,66,Avenida,68,Calle 103 entre Avenida 66 y Avenida 68,490,Buena Vista,3.9
Calle,103,Avenida,68,Avenida,70,Calle 103 entre Avenida 68 y Avenida 70,500,Buena Vista,4
Calle,103,Avenida,70,Avenida,72,Calle 103 entre Avenida 70 y Avenida 72,510,Buena Vista,4.1
Calle,103,Avenida,72,Calle, CIRCUNVALACION,Calle 103 entre Avenida 72 y Calle  CIRCUNVALACION,520,Buena Vista,4.2
Calle,105,Calle,10 NE,Calle,12 NE,Calle 105 entre Calle 10 NE y Calle 12 NE,430,Tulipan,3.3
Calle,105,Calle,12 NE,Calle,16 NE,Calle 105 entre Calle 12 NE y Calle 16 NE,430,Tulipan,3.3
Calle,105,Avenida,64,Avenida,66,Calle 105 entre Avenida 64 y Avenida 66,490,Buena Vista,3.9
Calle,105,Avenida,66,Avenida,68,Calle 105 entre Avenida 66 y Avenida 68,500,Buena Vista,4
Calle,105,Avenida,68,Avenida,70,Calle 105 entre Avenida 68 y Avenida 70,510,Buena Vista,4.1
Calle,105,Avenida,70,Calle, CIRCUNVALACION,Calle 105 entre Avenida 70 y Calle  CIRCUNVALACION,520,Buena Vista,4.2
Calle,107,Calle,10 NE,Calle,12 NE,Calle 107 entre Calle 10 NE y Calle 12 NE,440,Tulipan,3.4
Calle,107,Calle,12 NE,Calle,16 NE,Calle 107 entre Calle 12 NE y Calle 16 NE,440,Tulipan,3.4
Calle,107,Avenida,64,Avenida,66,Calle 107 entre Avenida 64 y Avenida 66,500,Buena Vista,4
Calle,107,Avenida,66,Avenida,68,Calle 107 entre Avenida 66 y Avenida 68,510,Buena Vista,4.1
Calle,107,Avenida,68,Avenida,70,Calle 107 entre Avenida 68 y Avenida 70,520,Buena Vista,4.2
Calle,109,Calle,12 NE,Calle,16 NE,Calle 109 entre Calle 12 NE y Calle 16 NE,450,Tulipan,3.5
Calle,109,Calle,8 NE,Calle,10 NE,Calle 109 entre Calle 8 NE y Calle 10 NE,460,Tulipan,3.6
Calle,109,Avenida,64,Avenida,66,Calle 109 entre Avenida 64 y Avenida 66,510,Buena Vista,4.1
Calle,109,Avenida,66,Avenida,68,Calle 109 entre Avenida 66 y Avenida 68,520,Buena Vista,4.2
Calle,109,Avenida,68,Calle, CIRCUNVALACION,Calle 109 entre Avenida 68 y Calle  CIRCUNVALACION,530,Buena Vista,4.3
Calle,111,Calle,4 NE,Calle,6 NE,Calle 111 entre Calle 4 NE y Calle 6 NE,490,Tulipan,3.9
Calle,111,Calle,6 NE,Calle,8 NE,Calle 111 entre Calle 6 NE y Calle 8 NE,480,Tulipan,3.8
Calle,111,Calle,8 NE,Calle,10 NE,Calle 111 entre Calle 8 NE y Calle 10 NE,470,Tulipan,3.7
Calle,111,Calle,10 NE,Calle,119,Calle 111 entre Calle 10 NE y Calle 119,460,Tulipan,3.6
Calle,111,Avenida,64,Avenida,66,Calle 111 entre Avenida 64 y Avenida 66,520,Buena Vista,4.2
Calle,111,Avenida,66,Avenida,68,Calle 111 entre Avenida 66 y Avenida 68,530,Buena Vista,4.3
Calle,111,Avenida,68,Avenida,70,Calle 111 entre Avenida 68 y Avenida 70,540,Buena Vista,4.4
Calle,circunvalacion,Avenida,64,Calle,4 NE,Calle circunvalacion entre Avenida 64 y Calle 4 NE,540,Buena Vista,4.4
Calle,circunvalacion,Calle,4 NE,Calle,6 NE,Calle circunvalacion entre Calle 4 NE y Calle 6 NE,550,Tulipan,4.5
Calle,circunvalacion,Calle,6 NE,Calle,8 NE,Calle circunvalacion entre Calle 6 NE y Calle 8 NE,550,Tulipan,4.5
Calle,circunvalacion,Calle,8 NE,Calle,119,Calle circunvalacion entre Calle 8 NE y Calle 119,580,Tulipan,4.8
Calle,113,Avenida,64,Avenida,66,Calle 113 entre Avenida 64 y Avenida 66,590,Buena Vista,4.9
Calle,113,Avenida,66,Avenida,68,Calle 113 entre Avenida 66 y Avenida 68,600,Buena Vista,5
Calle,113,Calle,CIRCUNVALACION,Avenida,70,Calle 113 entre Calle CIRCUNVALACION y Avenida 70,610,Buena Vista,5.1
Calle,113,Avenida,70,Avenida,72,Calle 113 entre Avenida 70 y Avenida 72,620,Buena Vista,5.2
Calle,Circunvalacion,Avenida,64,Calle,2 NE,Calle Circunvalacion entre Avenida 64 y Calle 2 NE,530,Buena Vista,4.3
Calle,Circunvalacion,Avenida,64,Avenida,66,Calle Circunvalacion entre Avenida 64 y Avenida 66,600,Buena Vista,5
Calle,Circunvalacion,Avenida,66,Avenida,68,Calle Circunvalacion entre Avenida 66 y Avenida 68,610,Buena Vista,5.1
Calle,Circunvalacion,Avenida,68,Avenida,70,Calle Circunvalacion entre Avenida 68 y Avenida 70,620,Buena Vista,5.2
Calle,Circunvalacion,Calle,Rotonda,Avenida,78A,Calle Circunvalacion entre Calle Rotonda y Avenida 78A,500,Buena Vista,4
Calle,Circunvalacion,Avenida,72,Avenida,78A,Calle Circunvalacion entre Avenida 72 y Avenida 78A,480,Buena Vista,3.8
Calle,Circunvalacion,Avenida,74,Avenida,76,Calle Circunvalacion entre Avenida 74 y Avenida 76,630,Buena Vista,5.3
Calle,Circunvalacion,Avenida,74,Calle,103,Calle Circunvalacion entre Avenida 74 y Calle 103,620,Buena Vista,5.2
Calle,Circunvalacion,Calle,103,Calle,105,Calle Circunvalacion entre Calle 103 y Calle 105,600,Buena Vista,5
Calle,Circunvalacion,Calle,105,Calle,109,Calle Circunvalacion entre Calle 105 y Calle 109,610,Buena Vista,5.1
Calle,Circunvalacion,Calle,109,Calle,111,Calle Circunvalacion entre Calle 109 y Calle 111,640,Buena Vista,5.4
Calle,circunvalacion,Calle,111,Calle,113,Calle circunvalacion entre Calle 111 y Calle 113,630,Buena Vista,5.3
Calle,115,Avenida,64,Avenida,66,Calle 115 entre Avenida 64 y Avenida 66,590,Buena Vista,4.9
Calle,115,Avenida,66,Avenida,68,Calle 115 entre Avenida 66 y Avenida 68,600,Buena Vista,5
Calle,115,Avenida,68,Avenida,70,Calle 115 entre Avenida 68 y Avenida 70,610,Buena Vista,5.1
Calle,117,Avenida,64,Calle,2 NE,Calle 117 entre Avenida 64 y Calle 2 NE,600,Buena Vista,5
Calle,117,Calle,2 NE,Calle,4 NE,Calle 117 entre Calle 2 NE y Calle 4 NE,570,Buena Vista,4.7
Calle,117,Calle,4 NE,Calle,119,Calle 117 entre Calle 4 NE y Calle 119,570,Buena Vista,4.7
Calle,117,Avenida,64,Avenida,66,Calle 117 entre Avenida 64 y Avenida 66,600,Buena Vista,5
Calle,117,Avenida,66,Avenida,68,Calle 117 entre Avenida 66 y Avenida 68,610,Buena Vista,5.1
Calle,117,Avenida,68,Avenida,70,Calle 117 entre Avenida 68 y Avenida 70,620,Buena Vista,5.2
Calle,119,Calle,CIRCUNVALACION,Calle,10 NE,Calle 119 entre Calle CIRCUNVALACION y Calle 10 NE,520,Tulipan,4.2
Calle,119,Calle,10 NE,Calle,111,Calle 119 entre Calle 10 NE y Calle 111,510,Tulipan,4.1
Calle,119,Calle,111,Calle,12 NE,Calle 119 entre Calle 111 y Calle 12 NE,510,Tulipan,4.1
Calle,119,Avenida,64,Calle,2 NE,Calle 119 entre Avenida 64 y Calle 2 NE,580,Buena Vista,4.8
Calle,119,Calle,2 NE,Calle,4 NE,Calle 119 entre Calle 2 NE y Calle 4 NE,570,Buena Vista,4.7
Calle,119,Calle,4 NE,Calle,CIRCUNVALACION,Calle 119 entre Calle 4 NE y Calle CIRCUNVALACION,560,Buena Vista,4.6
Calle,119,Avenida,64,Avenida,66,Calle 119 entre Avenida 64 y Avenida 66,610,Buena Vista,5.1
Calle,119,Avenida,66,Avenida,68,Calle 119 entre Avenida 66 y Avenida 68,620,Buena Vista,5.2
Calle,121,Avenida,64,Avenida,66,Calle 121 entre Avenida 64 y Avenida 66,620,Buena Vista,5.2
Calle,121,Avenida,66,Avenida,68,Calle 121 entre Avenida 66 y Avenida 68,630,Buena Vista,5.3
Calle,121A,Avenida,64,Calle,2 NE,Calle 121A entre Avenida 64 y Calle 2 NE,640,Buena Vista,5.4
Calle,121,Avenida,74,Avenida,76,Calle 121 entre Avenida 74 y Avenida 76,730,La Esperanza,6.6
Calle,123,Avenida,64,Avenida,66,Calle 123 entre Avenida 64 y Avenida 66,660,La Esperanza,5.6
Calle,123,Avenida,66,Avenida,68,Calle 123 entre Avenida 66 y Avenida 68,670,La Esperanza,5.7
Calle,123,Avenida,68,Avenida,70,Calle 123 entre Avenida 68 y Avenida 70,680,La Esperanza,5.8
Calle,125,Avenida,64,Avenida,66,Calle 125 entre Avenida 64 y Avenida 66,670,La Esperanza,5.7
Calle,125,Avenida,66,Avenida,68,Calle 125 entre Avenida 66 y Avenida 68,680,La Esperanza,5.8
Calle,125,Avenida,68,Avenida,70,Calle 125 entre Avenida 68 y Avenida 70,690,La Esperanza,5.9
Calle,125,Avenida,74,Avenida,76,Calle 125 entre Avenida 74 y Avenida 76,725,La Esperanza,6.5
Calle,125,Avenida,76,Avenida,78,Calle 125 entre Avenida 76 y Avenida 78,725,La Esperanza,6.5
Calle,125A,Avenida,76,Calle,129,Calle 125A entre Avenida 76 y Calle 129,730,La Esperanza,6.6
Calle,127,Avenida,64,Avenida,66,Calle 127 entre Avenida 64 y Avenida 66,680,La Esperanza,5.8
Calle,127,Avenida,66,Avenida,68,Calle 127 entre Avenida 66 y Avenida 68,690,La Esperanza,5.9
Calle,127,Avenida,68,Avenida,70,Calle 127 entre Avenida 68 y Avenida 70,700,La Esperanza,6
Calle,127,Avenida,74,Avenida,76,Calle 127 entre Avenida 74 y Avenida 76,720,La Esperanza,6.4
Calle,129,Avenida,64,Avenida,66,Calle 129 entre Avenida 64 y Avenida 66,690,La Esperanza,5.9
Calle,129,Avenida,66,Avenida,68,Calle 129 entre Avenida 66 y Avenida 68,700,La Esperanza,6
Calle,129,Avenida,68,Avenida,70,Calle 129 entre Avenida 68 y Avenida 70,705,La Esperanza,6.1
Calle,129,Avenida,70,Avenida,74,Calle 129 entre Avenida 70 y Avenida 74,710,La Esperanza,6.2
Calle,129,Avenida,74,Avenida,76,Calle 129 entre Avenida 74 y Avenida 76,715,La Esperanza,6.3
Calle,129,Avenida,76,Calle,125A,Calle 129 entre Avenida 76 y Calle 125A,720,La Esperanza,6.4
Calle,129,Calle,125A,Calle,FINAL,Calle 129 entre Calle 125A y Calle FINAL,725,La Esperanza,6.5
Calle,131,Avenida,66,Avenida,68,Calle 131 entre Avenida 66 y Avenida 68,705,La Esperanza,6.1
Calle,131,Avenida,68,Avenida,70,Calle 131 entre Avenida 68 y Avenida 70,710,La Esperanza,6.2
Calle,133,Avenida,64,Avenida,66,Calle 133 entre Avenida 64 y Avenida 66,715,La Esperanza,6.3
Calle,133,Avenida,66,Avenida,68,Calle 133 entre Avenida 66 y Avenida 68,720,La Esperanza,6.4
Calle,133,Avenida,68,Avenida,70,Calle 133 entre Avenida 68 y Avenida 70,725,La Esperanza,6.5
Calle,finca ,Avenida,64,Calle,aeropuerto,Calle finca  entre Avenida 64 y Calle aeropuerto,750,Aeropuerto,7
Calle,G,Avenida,64,Calle,2,Calle G entre Avenida 64 y Calle 2,740,Caunao,6.8
Calle,G,Calle,2,Calle,3,Calle G entre Calle 2 y Calle 3,745,Caunao,6.9
Calle,G,Calle,3,Calle,4,Calle G entre Calle 3 y Calle 4,750,Caunao,7
Calle,G,Calle,4,Calle,5,Calle G entre Calle 4 y Calle 5,755,Caunao,7.1
Calle,G,Calle,5,Calle,6,Calle G entre Calle 5 y Calle 6,760,Caunao,7.2
Calle,G,Calle,6,Calle,8,Calle G entre Calle 6 y Calle 8,765,Caunao,7.3
Calle,G,Calle,8,Calle,9,Calle G entre Calle 8 y Calle 9,760,Caunao Sur,7.2
Calle,F,Avenida,64,Calle,Valle,Calle F entre Avenida 64 y Calle Valle,740,Caunao,6.8
Calle,F,Calle,Valle,Calle,2,Calle F entre Calle Valle y Calle 2,745,Caunao,6.9
Calle,F,Calle,2,Calle,3,Calle F entre Calle 2 y Calle 3,750,Caunao,7
Calle,F,Calle,3,Calle,4,Calle F entre Calle 3 y Calle 4,755,Caunao,7.1
Calle,F,Calle,4,Calle,5,Calle F entre Calle 4 y Calle 5,760,Caunao,7.2
Calle,F,Calle,5,Calle,6,Calle F entre Calle 5 y Calle 6,765,Caunao,7.3
Calle,F3,Calle,8,Calle,9,Calle F3 entre Calle 8 y Calle 9,760,Caunao Sur,7.2
Calle,F2,Calle,8,Calle,9,Calle F2 entre Calle 8 y Calle 9,765,Caunao Sur,7.3
Calle,F1,Calle,7,Calle,8,Calle F1 entre Calle 7 y Calle 8,770,Caunao Sur,7.4
Calle,F1,Calle,8,Calle,9,Calle F1 entre Calle 8 y Calle 9,765,Caunao Sur,7.3
Calle,F,Calle,7,Calle,8,Calle F entre Calle 7 y Calle 8,770,Caunao Sur,7.4
Calle,F,Calle,8,Calle,9,Calle F entre Calle 8 y Calle 9,770,Caunao Sur,7.4
Calle,E,Avenida,64,Calle,1,Calle E entre Avenida 64 y Calle 1,750,Caunao,7
Calle,E,Calle,1,Calle,Valle,Calle E entre Calle 1 y Calle Valle,750,Caunao,7
Calle,E,Calle,Valle,Calle,2,Calle E entre Calle Valle y Calle 2,750,Caunao,7
Calle,E,Calle,2,Calle,3,Calle E entre Calle 2 y Calle 3,755,Caunao,7.1
Calle,E,Calle,3,Calle,4,Calle E entre Calle 3 y Calle 4,760,Caunao,7.2
Calle,E,Calle,4,Calle,5,Calle E entre Calle 4 y Calle 5,765,Caunao,7.3
Calle,E1,Calle,7,Calle,8,Calle E1 entre Calle 7 y Calle 8,775,Caunao Sur,7.5
Calle,E1,Calle,8,Calle,9,Calle E1 entre Calle 8 y Calle 9,770,Caunao Sur,7.4
Calle,E,Calle,7,Calle,8,Calle E entre Calle 7 y Calle 8,775,Caunao Sur,7.5
Calle,E,Calle,8,Calle,9,Calle E entre Calle 8 y Calle 9,770,Caunao Sur,7.4
Calle,D,Avenida,64,Calle,1,Calle D entre Avenida 64 y Calle 1,755,Caunao,7.1
Calle,D,Calle,1,Calle,2,Calle D entre Calle 1 y Calle 2,760,Caunao,7.2
Calle,D,Calle,2,Calle,Valle,Calle D entre Calle 2 y Calle Valle,765,Caunao,7.3
Calle,D,Calle,Valle,Calle,3,Calle D entre Calle Valle y Calle 3,765,Caunao,7.3
Calle,D,Calle,3,Calle,4,Calle D entre Calle 3 y Calle 4,770,Caunao,7.4
Calle,D,Calle,4,Calle,5,Calle D entre Calle 4 y Calle 5,775,Caunao,7.5
Calle,D1,Calle,7,Calle,8,Calle D1 entre Calle 7 y Calle 8,780,Caunao Sur,7.6
Calle,D1,Calle,8,Calle,9,Calle D1 entre Calle 8 y Calle 9,780,Caunao Sur,7.6
Calle,D1,Calle,7,Calle,9,Calle D1 entre Calle 7 y Calle 9,785,Caunao Sur,7.7
Calle,C,Avenida,64,Calle,1,Calle C entre Avenida 64 y Calle 1,760,Caunao,7.2
Calle,C,Calle,1,Calle,2,Calle C entre Calle 1 y Calle 2,765,Caunao,7.3
Calle,C,Calle,2,Calle,3,Calle C entre Calle 2 y Calle 3,770,Caunao,7.4
Calle,C,Calle,3,Calle,4,Calle C entre Calle 3 y Calle 4,775,Caunao,7.5
Calle,C,Calle,4,Calle,5,Calle C entre Calle 4 y Calle 5,780,Caunao,7.6
Calle,B,Calle,64,Calle,1,Calle B entre Calle 64 y Calle 1,765,Caunao,7.3
Calle,B,Calle,1,Calle,2,Calle B entre Calle 1 y Calle 2,770,Caunao,7.4
Calle,B,Calle,2,Calle,3,Calle B entre Calle 2 y Calle 3,775,Caunao,7.5
Calle,B,Calle,3,Calle,4,Calle B entre Calle 3 y Calle 4,780,Caunao,7.6
Calle,B,Calle,4,Calle,5,Calle B entre Calle 4 y Calle 5,785,Caunao,7.7
Calle,A,Avenida,64,Calle,1,Calle A entre Avenida 64 y Calle 1,770,Caunao,7.4
Calle,A,Calle,1,Calle,2,Calle A entre Calle 1 y Calle 2,775,Caunao,7.5
Calle,A,Calle,2,Calle,Linea,Calle A entre Calle 2 y Calle Linea,775,Caunao,7.5
Calle,A,Calle,Linea,Calle,Final,Calle A entre Calle Linea y Calle Final,780,Caunao,7.6
Calle,Central,Avenida,64,Calle,Linea,Calle Central entre Avenida 64 y Calle Linea,775,Caunao,7.5
Calle,Central,Calle,Linea,Calle,2,Calle Central entre Calle Linea y Calle 2,780,Caunao,7.6
Calle,Central,Calle,2,Calle,3,Calle Central entre Calle 2 y Calle 3,785,Caunao,7.7
Calle,Oeste,Avenida,64,Calle,Real,Calle Oeste entre Avenida 64 y Calle Real,775,Caunao,7.5
Calle,Callejon,Calle,Real,Calle,Primaria Jose Marti,Calle Callejon entre Calle Real y Calle Primaria Jose Marti,780,Caunao,7.6
Calle,Baez,Avenida,64,Calle,1,Calle Baez entre Avenida 64 y Calle 1,780,Caunao,7.6
Calle,Baez,Calle,1,Calle,2,Calle Baez entre Calle 1 y Calle 2,785,Caunao,7.7
Calle,Baez,Calle,2,Calle,3,Calle Baez entre Calle 2 y Calle 3,790,Caunao,7.8
Calle,Pozo,Avenida,64,Calle,1,Calle Pozo entre Avenida 64 y Calle 1,785,Caunao,7.7
Calle,Pozo,Calle,1,Calle,2,Calle Pozo entre Calle 1 y Calle 2,790,Caunao,7.8
Calle,Pozo,Calle,2,Calle,Final,Calle Pozo entre Calle 2 y Calle Final,795,Caunao,7.9
Calle,13,Calle,9,Calle,Miramonte,Calle 13 entre Calle 9 y Calle Miramonte,800,Caunao,8
Calle,Matadero,Avenida,64,Calle,Real,Calle Matadero entre Avenida 64 y Calle Real,785,Caunao,7.7
Calle,Matadero,Calle,Real,Calle,Final,Calle Matadero entre Calle Real y Calle Final,800,Caunao,8
Calle,Campo,Calle,Palma,Calle,Sur,Calle Campo entre Calle Palma y Calle Sur,815,Caunao,8.3
Calle,Campo,Calle,Sur ,Calle,Miramonte,Calle Campo entre Calle Sur  y Calle Miramonte,820,Caunao,8.4
Calle,Medio,Calle,Medio,Calle,Sur,Calle Medio entre Calle Medio y Calle Sur,825,Caunao,8.5
Calle,Alegria,Calle,Union,Calle,Final,Calle Alegria entre Calle Union y Calle Final,820,Caunao,8.4
Calle,Alegria,Calle,Union,Calle,Real,Calle Alegria entre Calle Union y Calle Real,800,Caunao,8
Calle,Alegria,Calle,Real,Avenida,64,Calle Alegria entre Calle Real y Avenida 64,790,Caunao,7.8
Calle,Alegria,Calle,64,Calle,Ciruela,Calle Alegria entre Calle 64 y Calle Ciruela,795,Caunao,7.9
Calle,Alegria,Calle,Ciruela,Calle,San Joaquin,Calle Alegria entre Calle Ciruela y Calle San Joaquin,800,Caunao,8
Calle,Alegria,Calle,San Joaquin,Calle,Palma,Calle Alegria entre Calle San Joaquin y Calle Palma,805,Caunao,8.1
Calle,Alegria,Calle,Palma,Calle,Sur,Calle Alegria entre Calle Palma y Calle Sur,810,Caunao,8.2
Calle,Villalobos,Calle,San Miguel,Calle,Real,Calle Villalobos entre Calle San Miguel y Calle Real,795,Caunao,7.9
Calle,Villalobos,Calle,Real,Avenida,64,Calle Villalobos entre Calle Real y Avenida 64,795,Caunao,7.9
Calle,Real,Calle,Carretera caunao Palmira,Calle,Sabana,Calle Real entre Calle Carretera caunao Palmira y Calle Sabana,835,Caunao,8.7
Calle,Union,Calle,Alegria,Calle,Real,Calle Union entre Calle Alegria y Calle Real,800,Caunao,8
Calle,San jose,Avenida,64,Calle,San Joaquin,Calle San jose entre Avenida 64 y Calle San Joaquin,800,Caunao,8
Calle,San jose,Calle,San Joaquin,Calle,Palma,Calle San jose entre Calle San Joaquin y Calle Palma,805,Caunao,8.1
Calle,San jose,Calle,Palma,Calle,Sur,Calle San jose entre Calle Palma y Calle Sur,810,Caunao,8.2
Calle,San jose,Calle,Sur ,Calle,Miramonte,Calle San jose entre Calle Sur  y Calle Miramonte,820,Caunao,8.4
Calle,Colon,Avenida,64,Calle,San Joaquin,Calle Colon entre Avenida 64 y Calle San Joaquin,805,Caunao,8.1
Calle,Colon,Calle,San Joaquin,Calle,Palma,Calle Colon entre Calle San Joaquin y Calle Palma,810,Caunao,8.2
Calle,Colon,Calle,Palma,Calle,Final,Calle Colon entre Calle Palma y Calle Final,815,Caunao,8.3
Calle,Castillo,Avenida,64,Avenida,66,Calle Castillo entre Avenida 64 y Avenida 66,810,Caunao,8.2
Calle,Castillo,Avenida,64,Calle,San Joaquin,Calle Castillo entre Avenida 64 y Calle San Joaquin,810,Caunao,8.2
Calle,Castillo,Calle,San Joaquin,Calle,Palma,Calle Castillo entre Calle San Joaquin y Calle Palma,815,Caunao,8.3
Calle,Este,Avenida,64,Avenida,66,Calle Este entre Avenida 64 y Avenida 66,815,Caunao,8.3
Calle,Este,Avenida,64,Calle,San Joaquin,Calle Este entre Avenida 64 y Calle San Joaquin,815,Caunao,8.3
Calle,Este,Calle,San Joaquin,Calle,Palma,Calle Este entre Calle San Joaquin y Calle Palma,820,Caunao,8.4
Calle,Este,Calle,Palma,Calle,9,Calle Este entre Calle Palma y Calle 9,825,Caunao,8.5
Calle,Este,Calle,9,Calle,Final,Calle Este entre Calle 9 y Calle Final,825,Caunao,8.5
Calle,Este,Calle,13,Calle,Progreso 1,Calle Este entre Calle 13 y Calle Progreso 1,825,Caunao,8.5
Calle,2da,Calle,A,Calle,B,Calle 2da entre Calle A y Calle B,700,Oburque,6
Calle,2da,Calle,B,Calle,C,Calle 2da entre Calle B y Calle C,700,Oburque,6
Calle,3ra,Calle,A,Calle,B,Calle 3ra entre Calle A y Calle B,680,Oburque,5.8
Calle,3ra,Calle,B,Calle,C,Calle 3ra entre Calle B y Calle C,680,Oburque,5.8
Calle,4ta,Calle,A,Calle,B,Calle 4ta entre Calle A y Calle B,670,Oburque,5.7
Calle,4ta,Calle,B,Calle,C,Calle 4ta entre Calle B y Calle C,670,Oburque,5.7
Calle,5ta,Calle,A,Calle,B,Calle 5ta entre Calle A y Calle B,660,Oburque,5.6
Calle,5ta,Calle,B,Calle,C,Calle 5ta entre Calle B y Calle C,660,Oburque,5.6
Calle,5ta,Calle,C,Calle,Final,Calle 5ta entre Calle C y Calle Final,660,Oburque,5.6
Calle,6ta,Calle,A,Calle,B,Calle 6ta entre Calle A y Calle B,660,Oburque,5.6
Calle,6ta,Calle,B,Calle,C,Calle 6ta entre Calle B y Calle C,660,Oburque,5.6
Calle,6ta,Calle,C,Calle,Final,Calle 6ta entre Calle C y Calle Final,670,Oburque,5.7
Calle,7ma,Calle,A,Calle,B,Calle 7ma entre Calle A y Calle B,650,Oburque,5.5
Calle,7ma,Calle,B,Calle,C,Calle 7ma entre Calle B y Calle C,650,Oburque,5.5
Calle,7ma,Calle,C,Calle,Carretera del puerto,Calle 7ma entre Calle C y Calle Carretera del puerto,660,Oburque,5.6
Calle,8va,Calle,A,Calle,B,Calle 8va entre Calle A y Calle B,640,Oburque,5.4
Calle,8va,Calle,B,Calle,C,Calle 8va entre Calle B y Calle C,640,Oburque,5.4
Calle,9na,Calle,A,Calle,B,Calle 9na entre Calle A y Calle B,630,Oburque,5.3
Calle,10ma,Calle,A,Calle,B,Calle 10ma entre Calle A y Calle B,620,Oburque,5.2
Calle,Termoelectrica,Calle,Carretera de oburque,Calle,oburque,Calle Termoelectrica entre Calle Carretera de oburque y Calle oburque,600,Oburque,5
Calle,Rancho Luna,Calle,Rancho Luna,Calle,Rancho Luna,Calle Rancho Luna entre Calle Rancho Luna y Calle Rancho Luna,2500,Rancho Luna,-
Calle,Palmira,Calle,Palmira,Calle,Palmira,Calle Palmira entre Calle Palmira y Calle Palmira,2500,Palmira,-
Calle,Paraiso,Calle,Paraiso,Calle,Paraiso,Calle Paraiso entre Calle Paraiso y Calle Paraiso,775,Paraiso,7.5
Calle,Petrocasas,Calle,Vial,Calle,Vial,Calle Petrocasas entre Calle Vial y Calle Vial,775,Petrocasas,7.5
Calle,Unidad Militar Cantarrana somaton,Calle,Unidad Militar Cantarrana somaton ,Calle,Unidad Militar Cantarrana somaton,Calle Unidad Militar Cantarrana somaton entre Calle Unidad Militar Cantarrana somaton  y Calle Unidad Militar Cantarrana somaton,820,Cantarrana,8.4
Calle,B,Calle,final,Calle,2da ,Calle B entre Calle final y Calle 2da ,700,Oburque,6
Calle,B,Calle,2da,Calle,3ra,Calle B entre Calle 2da y Calle 3ra,690,Oburque,5.9
Calle,B,Calle,3ra,Calle,4ta,Calle B entre Calle 3ra y Calle 4ta,670,Oburque,5.7
Calle,B,Calle,4ta,Calle,5ta,Calle B entre Calle 4ta y Calle 5ta,670,Oburque,5.7
Calle,B,Calle,5ta,Calle,6ta,Calle B entre Calle 5ta y Calle 6ta,660,Oburque,5.6
Calle,B,Calle,6ta,Calle,7ma,Calle B entre Calle 6ta y Calle 7ma,650,Oburque,5.5
Calle,B,Calle,7ma,Calle,8va,Calle B entre Calle 7ma y Calle 8va,640,Oburque,5.4
Calle,B,Calle,8va,Calle,9na,Calle B entre Calle 8va y Calle 9na,630,Oburque,5.3
Calle,B,Calle,9na,Calle,10ma,Calle B entre Calle 9na y Calle 10ma,620,Oburque,5.2
Calle,C,Calle,2da,Calle,3ra,Calle C entre Calle 2da y Calle 3ra,700,Oburque,6
Calle,C,Calle,3ra,Calle,4ta,Calle C entre Calle 3ra y Calle 4ta,690,Oburque,5.9
Calle,C,Calle,4ta,Calle,5ta,Calle C entre Calle 4ta y Calle 5ta,680,Oburque,5.8
Calle,C,Calle,5ta,Calle,6ta,Calle C entre Calle 5ta y Calle 6ta,690,Oburque,5.9
Calle,C,Calle,6ta,Calle,7ma,Calle C entre Calle 6ta y Calle 7ma,660,Oburque,5.6
Calle,C,Calle,7ma,Calle,8va,Calle C entre Calle 7ma y Calle 8va,650,Oburque,5.5
Calle,Almacenes del miedo,Calle,Alm del miedo,Calle,Alm del miedo,Calle Almacenes del miedo entre Calle Alm del miedo y Calle Alm del miedo,500,alm miedo,4
Avenida,0,Calle,33,Calle,37,Avenida 0 entre Calle 33 y Calle 37,410,Punta Gorda,3.1
Avenida,2,Calle,33,Calle,35,Avenida 2 entre Calle 33 y Calle 35,400,Punta Gorda,3
Avenida,2,Calle,35,Calle,37,Avenida 2 entre Calle 35 y Calle 37,390,Punta Gorda,2.9
Avenida,4,Calle,33,Calle,35,Avenida 4 entre Calle 33 y Calle 35,390,Punta Gorda,2.9
Avenida,4,Calle,35,Calle,37,Avenida 4 entre Calle 35 y Calle 37,380,Punta Gorda,2.8
Avenida,6,Calle,33,Calle,35,Avenida 6 entre Calle 33 y Calle 35,380,Punta Gorda,2.8
Avenida,6,Calle,35,Calle,37,Avenida 6 entre Calle 35 y Calle 37,370,Punta Gorda,2.7
Avenida,6,Calle,37,Calle,39,Avenida 6 entre Calle 37 y Calle 39,370,Punta Gorda,2.7
Avenida,8,Calle,35,Calle,37,Avenida 8 entre Calle 35 y Calle 37,360,Punta Gorda,2.6
Avenida,8,Calle,37,Calle,39,Avenida 8 entre Calle 37 y Calle 39,350,Punta Gorda,2.5
Avenida,8,Calle,39,Calle,41,Avenida 8 entre Calle 39 y Calle 41,340,Punta Gorda,2.4
Avenida,10,Calle,37,Calle,39,Avenida 10 entre Calle 37 y Calle 39,340,Punta Gorda,2.4
Avenida,10,Calle,39,Calle,41,Avenida 10 entre Calle 39 y Calle 41,330,Punta Gorda,2.3
Avenida,10,Calle,41,Calle,43,Avenida 10 entre Calle 41 y Calle 43,330,Punta Gorda,2.3
Avenida,10,Calle,51,Calle,53,Avenida 10 entre Calle 51 y Calle 53,290,Punta Gorda,1.9
Avenida,10,Calle,53,Calle,55,Avenida 10 entre Calle 53 y Calle 55,300,Punta Gorda,2
Avenida,10,Calle,55,Calle,57,Avenida 10 entre Calle 55 y Calle 57,310,Punta Gorda,2.1
Avenida,12,Calle,51,Calle,53,Avenida 12 entre Calle 51 y Calle 53,280,Punta Gorda,1.8
Avenida,12,Calle,53,Calle,55,Avenida 12 entre Calle 53 y Calle 55,290,Punta Gorda,1.9
Avenida,12,Calle,55,Calle,57,Avenida 12 entre Calle 55 y Calle 57,300,Punta Gorda,2
Avenida,12,Calle,35,Calle,37,Avenida 12 entre Calle 35 y Calle 37,340,Punta Gorda,2.4
Avenida,12,Calle,37,Calle,39,Avenida 12 entre Calle 37 y Calle 39,330,Punta Gorda,2.3
Avenida,12,Calle,39,Calle,41,Avenida 12 entre Calle 39 y Calle 41,330,Punta Gorda,2.3
Avenida,12,Calle,41,Calle,43,Avenida 12 entre Calle 41 y Calle 43,320,Punta Gorda,2.2
Avenida,14,Calle,51,Calle,53,Avenida 14 entre Calle 51 y Calle 53,270,Punta Gorda,1.7
Avenida,14,Calle,53,Calle,55,Avenida 14 entre Calle 53 y Calle 55,280,Punta Gorda,1.8
Avenida,14,Calle,55,Calle,57,Avenida 14 entre Calle 55 y Calle 57,290,Punta Gorda,1.9
Avenida,14,Calle,35,Calle,37,Avenida 14 entre Calle 35 y Calle 37,330,Punta Gorda,2.3
Avenida,14,Calle,37,Calle,39,Avenida 14 entre Calle 37 y Calle 39,320,Punta Gorda,2.2
Avenida,14,Calle,39,Calle,41,Avenida 14 entre Calle 39 y Calle 41,310,Punta Gorda,2.1
Avenida,14,Calle,41,Calle,43,Avenida 14 entre Calle 41 y Calle 43,300,Punta Gorda,2
Avenida,14,Calle,43,Calle,45,Avenida 14 entre Calle 43 y Calle 45,300,Punta Gorda,2
Avenida,16,Calle,35,Calle,37,Avenida 16 entre Calle 35 y Calle 37,320,Punta Gorda,2.2
Avenida,16,Calle,37,Calle,39,Avenida 16 entre Calle 37 y Calle 39,310,Punta Gorda,2.1
Avenida,16,Calle,39,Calle,41,Avenida 16 entre Calle 39 y Calle 41,300,Punta Gorda,2
Avenida,16,Calle,41,Calle,43,Avenida 16 entre Calle 41 y Calle 43,290,Punta Gorda,1.9
Avenida,16,Calle,43,Calle,45,Avenida 16 entre Calle 43 y Calle 45,290,Punta Gorda,1.9
Avenida,16,Calle,45,Calle,51,Avenida 16 entre Calle 45 y Calle 51,300,Punta Gorda,2
Avenida,16,Calle,51,Calle,53,Avenida 16 entre Calle 51 y Calle 53,260,Punta Gorda,1.6
Avenida,16,Calle,53,Calle,55,Avenida 16 entre Calle 53 y Calle 55,260,Punta Gorda,1.6
Avenida,16,Calle,55,Calle,61,Avenida 16 entre Calle 55 y Calle 61,260,Punta Gorda,1.6
Avenida,16,Calle,61,Calle,63,Avenida 16 entre Calle 61 y Calle 63,270,Punta Gorda,1.7
Avenida,16,Calle,63,Calle,65,Avenida 16 entre Calle 63 y Calle 65,280,Punta Gorda,1.8
Avenida,16,Calle,65,Calle,67,Avenida 16 entre Calle 65 y Calle 67,290,Punta Gorda,1.9
Avenida,16A,Calle,55,Calle,57,Avenida 16A entre Calle 55 y Calle 57,240,Punta Gorda,1.4
Avenida,18,Calle,35,Calle,37,Avenida 18 entre Calle 35 y Calle 37,320,Punta Gorda,2.2
Avenida,18,Calle,37,Calle,39,Avenida 18 entre Calle 37 y Calle 39,310,Punta Gorda,2.1
Avenida,18,Calle,39,Calle,41,Avenida 18 entre Calle 39 y Calle 41,300,Punta Gorda,2
Avenida,18,Calle,41,Calle,43,Avenida 18 entre Calle 41 y Calle 43,290,Punta Gorda,1.9
Avenida,18,Calle,43,Calle,45,Avenida 18 entre Calle 43 y Calle 45,280,Punta Gorda,1.8
Avenida,18,Calle,53,Calle,55,Avenida 18 entre Calle 53 y Calle 55,230,Punta Gorda,1.3
Avenida,18,Calle,55,Calle,61,Avenida 18 entre Calle 55 y Calle 61,240,Punta Gorda,1.4
Avenida,18,Calle,61,Calle,65,Avenida 18 entre Calle 61 y Calle 65,260,Punta Gorda,1.6
Avenida,18A,Calle,55,Calle,59,Avenida 18A entre Calle 55 y Calle 59,230,Punta Gorda,1.3
Avenida,18A,Calle,59,Calle,61,Avenida 18A entre Calle 59 y Calle 61,250,Punta Gorda,1.5
Avenida,20,Calle,35,Calle,37,Avenida 20 entre Calle 35 y Calle 37,300,Punta Gorda,2
Avenida,20,Calle,37,Calle,39,Avenida 20 entre Calle 37 y Calle 39,290,Punta Gorda,1.9
Avenida,20,Calle,39,Calle,41,Avenida 20 entre Calle 39 y Calle 41,280,Punta Gorda,1.8
Avenida,20,Calle,41,Calle,43,Avenida 20 entre Calle 41 y Calle 43,270,Punta Gorda,1.7
Avenida,20,Calle,43,Calle,45,Avenida 20 entre Calle 43 y Calle 45,260,Punta Gorda,1.6
Avenida,20,Calle,45,Calle,51A,Avenida 20 entre Calle 45 y Calle 51A,250,Punta Gorda,1.5
Avenida,20,Calle,57,Calle,61,Avenida 20 entre Calle 57 y Calle 61,230,Punta Gorda,1.3
Avenida,20,Calle,61,Calle,63,Avenida 20 entre Calle 61 y Calle 63,240,Punta Gorda,1.4
Avenida,20,Calle,63,Calle,65,Avenida 20 entre Calle 63 y Calle 65,250,Punta Gorda,1.5
Avenida,20A,Calle,57,Calle,57A,Avenida 20A entre Calle 57 y Calle 57A,220,Punta Gorda,1.2
Avenida,20A,Calle,57A,Calle,59,Avenida 20A entre Calle 57A y Calle 59,220,Punta Gorda,1.2
Avenida,20A,Calle,59,Calle,59A,Avenida 20A entre Calle 59 y Calle 59A,230,Punta Gorda,1.3
Avenida,20A,Calle,59A,Calle,61,Avenida 20A entre Calle 59A y Calle 61,240,Punta Gorda,1.4
Avenida,20A,Calle,61,Calle,63,Avenida 20A entre Calle 61 y Calle 63,250,Punta Gorda,1.5
Avenida,22,Calle,35,Calle,37,Avenida 22 entre Calle 35 y Calle 37,300,Punta Gorda,2
Avenida,22,Calle,37,Calle,39,Avenida 22 entre Calle 37 y Calle 39,290,Punta Gorda,1.9
Avenida,22,Calle,39,Calle,41,Avenida 22 entre Calle 39 y Calle 41,280,Punta Gorda,1.8
Avenida,22,Calle,41,Calle,43,Avenida 22 entre Calle 41 y Calle 43,270,Punta Gorda,1.7
Avenida,22,Calle,43,Calle,45,Avenida 22 entre Calle 43 y Calle 45,260,Punta Gorda,1.6
Avenida,22,Calle,57,Calle,57A,Avenida 22 entre Calle 57 y Calle 57A,210,Punta Gorda,1.1
Avenida,22,Calle,57A,Calle,59,Avenida 22 entre Calle 57A y Calle 59,210,Punta Gorda,1.1
Avenida,22,Calle,59,Calle,59A,Avenida 22 entre Calle 59 y Calle 59A,220,Punta Gorda,1.2
Avenida,22,Calle,59A,Calle,61,Avenida 22 entre Calle 59A y Calle 61,230,Punta Gorda,1.3
Avenida,22,Calle,61,Calle,63,Avenida 22 entre Calle 61 y Calle 63,240,Punta Gorda,1.4
Avenida,22,Calle,63,Calle,65,Avenida 22 entre Calle 63 y Calle 65,250,Punta Gorda,1.5
Avenida,24,Calle,41,Calle,43,Avenida 24 entre Calle 41 y Calle 43,260,Punta Gorda,1.6
Avenida,24,Calle,43,Calle,45,Avenida 24 entre Calle 43 y Calle 45,250,Punta Gorda,1.5
Avenida,24,Calle,45,Calle,47,Avenida 24 entre Calle 45 y Calle 47,250,Punta Gorda,1.5
Avenida,24,Calle,47,Calle,51A,Avenida 24 entre Calle 47 y Calle 51A,220,Punta Gorda,1.2
Avenida,24,Calle,51A,Calle,53,Avenida 24 entre Calle 51A y Calle 53,220,Punta Gorda,1.2
Avenida,24,Calle,53,Calle,57,Avenida 24 entre Calle 53 y Calle 57,210,Punta Gorda,1.1
Avenida,24,Calle,57,Calle,59,Avenida 24 entre Calle 57 y Calle 59,210,Punta Gorda,1.1
Avenida,24,Calle,59,Calle,61,Avenida 24 entre Calle 59 y Calle 61,220,Punta Gorda,1.2
Avenida,24A,Calle,53,Calle,57,Avenida 24A entre Calle 53 y Calle 57,200,Punta Gorda,1
Avenida,26,Calle,37,Calle,39,Avenida 26 entre Calle 37 y Calle 39,270,Punta Gorda,1.7
Avenida,26,Calle,39,Calle,41,Avenida 26 entre Calle 39 y Calle 41,260,Punta Gorda,1.6
Avenida,26,Calle,41,Calle,43,Avenida 26 entre Calle 41 y Calle 43,250,Punta Gorda,1.5
Avenida,26,Calle,43,Calle,45,Avenida 26 entre Calle 43 y Calle 45,240,Punta Gorda,1.4
Avenida,26,Calle,45,Calle,47,Avenida 26 entre Calle 45 y Calle 47,230,Punta Gorda,1.3
Avenida,26,Calle,47,Calle,49,Avenida 26 entre Calle 47 y Calle 49,220,Punta Gorda,1.2
Avenida,26,Calle,49,Calle,51A,Avenida 26 entre Calle 49 y Calle 51A,210,Punta Gorda,1.1
Avenida,26,Calle,51A,Calle,53,Avenida 26 entre Calle 51A y Calle 53,210,Punta Gorda,1.1
Avenida,26,Calle,53,Calle,57,Avenida 26 entre Calle 53 y Calle 57,200,Punta Gorda,1
Avenida,26,Calle,57,Calle,59,Avenida 26 entre Calle 57 y Calle 59,200,Punta Gorda,1
Avenida,26,Calle,59,Calle,61,Avenida 26 entre Calle 59 y Calle 61,210,Punta Gorda,1.1
Avenida,26,Calle,61,Calle,63,Avenida 26 entre Calle 61 y Calle 63,220,Punta Gorda,1.2
Avenida,CALLE ANCHA,Calle,CALLE ANCHA,Calle,CALLE ANCHA,Avenida CALLE ANCHA entre Calle CALLE ANCHA y Calle CALLE ANCHA,250,Punta Gorda,1.5
Avenida,28,Calle,43,Calle,45,Avenida 28 entre Calle 43 y Calle 45,230,Casco Historico,1.3
Avenida,28,Calle,45,Calle,47,Avenida 28 entre Calle 45 y Calle 47,220,Casco Historico,1.2
Avenida,28,Calle,47,Calle,49,Avenida 28 entre Calle 47 y Calle 49,210,Casco Historico,1.1
Avenida,28,Calle,49,Calle,51A,Avenida 28 entre Calle 49 y Calle 51A,200,Casco Historico,1
Avenida,28,Calle,51A,Calle,57,Avenida 28 entre Calle 51A y Calle 57,200,Casco Historico,0.8
Avenida,28,Calle,57,Calle,59,Avenida 28 entre Calle 57 y Calle 59,200,Casco Historico,0.8
Avenida,28,Calle,59,Calle,61,Avenida 28 entre Calle 59 y Calle 61,200,Casco Historico,1
Avenida,28,Calle,61,Calle,63,Avenida 28 entre Calle 61 y Calle 63,210,Casco Historico,1.1
Avenida,28A,Calle,79,Calle,81,Avenida 28A entre Calle 79 y Calle 81,300,Junco Sur,2
Avenida,30,Calle,43,Calle,45,Avenida 30 entre Calle 43 y Calle 45,220,Casco Historico,1.2
Avenida,30,Calle,45,Calle,47,Avenida 30 entre Calle 45 y Calle 47,210,Casco Historico,1.1
Avenida,30,Calle,47,Calle,49,Avenida 30 entre Calle 47 y Calle 49,200,Casco Historico,1
Avenida,30,Calle,49,Calle,51A,Avenida 30 entre Calle 49 y Calle 51A,200,Casco Historico,0.9
Avenida,30,Calle,57,Calle,59,Avenida 30 entre Calle 57 y Calle 59,200,Reparto de los Medicos,0.7
Avenida,30,Calle,59,Calle,61,Avenida 30 entre Calle 59 y Calle 61,200,Reparto de los Medicos,0.8
Avenida,30,Calle,61,Calle,63,Avenida 30 entre Calle 61 y Calle 63,200,Reparto de los Medicos,0.9
Avenida,30,Calle,79,Calle,81,Avenida 30 entre Calle 79 y Calle 81,320,Junco Sur,2.2
Avenida,30,Calle,81,Calle,83,Avenida 30 entre Calle 81 y Calle 83,330,Junco Sur,2.3
Avenida,30,Calle,83,Calle,87,Avenida 30 entre Calle 83 y Calle 87,350,Junco Sur,2.5
Avenida,30,Calle,87,Calle,89,Avenida 30 entre Calle 87 y Calle 89,360,Junco Sur,2.6
Avenida,32,Calle,37,Calle,39,Avenida 32 entre Calle 37 y Calle 39,240,Casco Historico,1.4
Avenida,32,Calle,39,Calle,41,Avenida 32 entre Calle 39 y Calle 41,230,Casco Historico,1.3
Avenida,32,Calle,41,Calle,43,Avenida 32 entre Calle 41 y Calle 43,220,Casco Historico,1.2
Avenida,32,Calle,43,Calle,45,Avenida 32 entre Calle 43 y Calle 45,210,Casco Historico,1.1
Avenida,32,Calle,45,Calle,47,Avenida 32 entre Calle 45 y Calle 47,200,Casco Historico,1
Avenida,32,Calle,47,Calle,49,Avenida 32 entre Calle 47 y Calle 49,200,Casco Historico,0.9
Avenida,32,Calle,49,Calle,51A,Avenida 32 entre Calle 49 y Calle 51A,200,Casco Historico,0.8
Avenida,32,Calle,57,Calle,59,Avenida 32 entre Calle 57 y Calle 59,200,Reparto de los Medicos,0.7
Avenida,32,Calle,59,Calle,61,Avenida 32 entre Calle 59 y Calle 61,200,Reparto de los Medicos,0.8
Avenida,32,Calle,75,Calle,77,Avenida 32 entre Calle 75 y Calle 77,250,Junco Sur,1.5
Avenida,32,Calle,77,Calle,79,Avenida 32 entre Calle 77 y Calle 79,300,Junco Sur,2
Avenida,32,Calle,79,Calle,81,Avenida 32 entre Calle 79 y Calle 81,300,Junco Sur,2
Avenida,32,Calle,81,Calle,83,Avenida 32 entre Calle 81 y Calle 83,310,Junco Sur,2.1
Avenida,32,Calle,83,Calle,85,Avenida 32 entre Calle 83 y Calle 85,310,Junco Sur,2.1
Avenida,32,Calle,85,Calle,87,Avenida 32 entre Calle 85 y Calle 87,320,Junco Sur,2.2
Avenida,32,Calle,87,Calle,89,Avenida 32 entre Calle 87 y Calle 89,330,Junco Sur,2.3
Avenida,32,Calle,89,Calle,91,Avenida 32 entre Calle 89 y Calle 91,340,Junco Sur,2.4
Avenida,34,Calle,37,Calle,39,Avenida 34 entre Calle 37 y Calle 39,230,Casco Historico,1.3
Avenida,34,Calle,39,Calle,41,Avenida 34 entre Calle 39 y Calle 41,220,Casco Historico,1.2
Avenida,34,Calle,41,Calle,43,Avenida 34 entre Calle 41 y Calle 43,210,Casco Historico,1.1
Avenida,34,Calle,43,Calle,45,Avenida 34 entre Calle 43 y Calle 45,200,Casco Historico,1
Avenida,34,Calle,45,Calle,47,Avenida 34 entre Calle 45 y Calle 47,200,Casco Historico,1
Avenida,34,Calle,57,Calle,59,Avenida 34 entre Calle 57 y Calle 59,200,Reparto de los Medicos,0.5
Avenida,34,Calle,59,Calle,61,Avenida 34 entre Calle 59 y Calle 61,200,Reparto de los Medicos,0.6
Avenida,34,Calle,61,Calle,63,Avenida 34 entre Calle 61 y Calle 63,200,Reparto de los Medicos,0.7
Avenida,34,Calle,75,Calle,77,Avenida 34 entre Calle 75 y Calle 77,250,Junco Sur,1.5
Avenida,34,Calle,77,Calle,79,Avenida 34 entre Calle 77 y Calle 79,260,Junco Sur,1.6
Avenida,34,Calle,79,Calle,81,Avenida 34 entre Calle 79 y Calle 81,280,Junco Sur,1.8
Avenida,34,Calle,81,Calle,83,Avenida 34 entre Calle 81 y Calle 83,290,Junco Sur,1.9
Avenida,34,Calle,83,Calle,85,Avenida 34 entre Calle 83 y Calle 85,300,Junco Sur,2
Avenida,34,Calle,85,Calle,87,Avenida 34 entre Calle 85 y Calle 87,310,Junco Sur,2.1
Avenida,36,Calle,7,Calle,9,Avenida 36 entre Calle 7 y Calle 9,430,Reina,3.3
Avenida,36,Calle,37,Calle,39,Avenida 36 entre Calle 37 y Calle 39,200,Casco Historico,1
Avenida,36,Calle,39,Calle,41,Avenida 36 entre Calle 39 y Calle 41,200,Casco Historico,0.9
Avenida,36,Calle,41,Calle,43,Avenida 36 entre Calle 41 y Calle 43,200,Casco Historico,0.8
Avenida,36,Calle,43,Calle,45,Avenida 36 entre Calle 43 y Calle 45,200,Casco Historico,0.7
Avenida,36,Calle,45,Calle,47,Avenida 36 entre Calle 45 y Calle 47,200,Casco Historico,0.7
Avenida,36,Calle,57,Calle,59,Avenida 36 entre Calle 57 y Calle 59,200,Reparto de los Medicos,0.4
Avenida,36,Calle,79,Calle,79A,Avenida 36 entre Calle 79 y Calle 79A,270,Junco Sur,1.7
Avenida,36,Calle,79A,Calle,81,Avenida 36 entre Calle 79A y Calle 81,260,Junco Sur,1.6
Avenida,36A,Calle,79,Calle,79A,Avenida 36A entre Calle 79 y Calle 79A,270,Junco Sur,1.7
Avenida,36A,Calle,79A,Calle,81,Avenida 36A entre Calle 79A y Calle 81,260,Junco Sur,1.6
Avenida,38,Calle,5,Calle,7,Avenida 38 entre Calle 5 y Calle 7,410,Reina,3.1
Avenida,38,Calle,7,Calle,9,Avenida 38 entre Calle 7 y Calle 9,410,Reina,3.1
Avenida,38,Calle,37,Calle,39,Avenida 38 entre Calle 37 y Calle 39,210,Casco Historico,1.1
Avenida,38,Calle,39,Calle,41,Avenida 38 entre Calle 39 y Calle 41,200,Casco Historico,1
Avenida,38,Calle,41,Calle,43,Avenida 38 entre Calle 41 y Calle 43,200,Casco Historico,0.9
Avenida,38,Calle,43,Calle,45,Avenida 38 entre Calle 43 y Calle 45,200,Casco Historico,0.8
Avenida,38,Calle,45,Calle,47,Avenida 38 entre Calle 45 y Calle 47,200,Casco Historico,0.8
Avenida,38,Calle,57,Calle,57A,Avenida 38 entre Calle 57 y Calle 57A,200,Reparto de los Medicos,0.3
Avenida,38,Calle,57A,Calle,59,Avenida 38 entre Calle 57A y Calle 59,200,Reparto de los Medicos,0.3
Avenida,38,Calle,79,Calle,79A,Avenida 38 entre Calle 79 y Calle 79A,250,Junco Sur,1.5
Avenida,38,Calle,79A,Calle,81,Avenida 38 entre Calle 79A y Calle 81,250,Junco Sur,1.5
Avenida,40,Calle,5,Calle,7,Avenida 40 entre Calle 5 y Calle 7,400,Reina,3
Avenida,40,Calle,7,Calle,9,Avenida 40 entre Calle 7 y Calle 9,390,Reina,2.9
Avenida,40,Calle,9,Calle,11,Avenida 40 entre Calle 9 y Calle 11,380,Reina,2.8
Avenida,40,Calle,33,Calle,35,Avenida 40 entre Calle 33 y Calle 35,240,Casco Historico,1.4
Avenida,40,Calle,35,Calle,37,Avenida 40 entre Calle 35 y Calle 37,230,Casco Historico,1.3
Avenida,40,Calle,37,Calle,39,Avenida 40 entre Calle 37 y Calle 39,220,Casco Historico,1.2
Avenida,40,Calle,39,Calle,41,Avenida 40 entre Calle 39 y Calle 41,210,Casco Historico,1.1
Avenida,40,Calle,41,Calle,43,Avenida 40 entre Calle 41 y Calle 43,200,Casco Historico,1
Avenida,40,Calle,43,Calle,45,Avenida 40 entre Calle 43 y Calle 45,200,Casco Historico,0.9
Avenida,40,Calle,45,Calle,45A,Avenida 40 entre Calle 45 y Calle 45A,200,Casco Historico,0.7
Avenida,40,Calle,57A,Calle,59,Avenida 40 entre Calle 57A y Calle 59,200,Reparto de los Medicos,0.4
Avenida,40,Calle,59,Calle,61A,Avenida 40 entre Calle 59 y Calle 61A,200,Reparto Hermanas Giral,0.5
Avenida,40,Calle,79A,Calle,81,Avenida 40 entre Calle 79A y Calle 81,240,Junco Sur,1.4
Avenida,42,Calle,5,Calle,7,Avenida 42 entre Calle 5 y Calle 7,390,Reina,2.9
Avenida,42,Calle,7,Calle,9,Avenida 42 entre Calle 7 y Calle 9,380,Reina,2.8
Avenida,42,Calle,9,Calle,11,Avenida 42 entre Calle 9 y Calle 11,370,Reina,2.7
Avenida,42,Calle,11,Calle,13,Avenida 42 entre Calle 11 y Calle 13,360,Reina,2.6
Avenida,42,Calle,33,Calle,35,Avenida 42 entre Calle 33 y Calle 35,230,Casco Historico,1.3
Avenida,42,Calle,35,Calle,37,Avenida 42 entre Calle 35 y Calle 37,220,Casco Historico,1.2
Avenida,42,Calle,37,Calle,39,Avenida 42 entre Calle 37 y Calle 39,210,Casco Historico,1.1
Avenida,42,Calle,39,Calle,41,Avenida 42 entre Calle 39 y Calle 41,200,Casco Historico,1
Avenida,42,Calle,41,Calle,43,Avenida 42 entre Calle 41 y Calle 43,200,Casco Historico,0.9
Avenida,42,Calle,43,Calle,45,Avenida 42 entre Calle 43 y Calle 45,200,Casco Historico,0.8
Avenida,42,Calle,47,Calle,49,Avenida 42 entre Calle 47 y Calle 49,200,5 de septiembre,0.3
Avenida,42,Calle,49,Calle,51,Avenida 42 entre Calle 49 y Calle 51,200,5 de septiembre,0.2
Avenida,42,Calle,55,Calle,57,Avenida 42 entre Calle 55 y Calle 57,200,5 de septiembre,0.2
Avenida,42,Calle,57,Calle,59,Avenida 42 entre Calle 57 y Calle 59,200,5 de septiembre,0.1
Avenida,42,Calle,59,Calle,61,Avenida 42 entre Calle 59 y Calle 61,200,5 de septiembre,0.2
Avenida,42,Calle,61,Calle,63,Avenida 42 entre Calle 61 y Calle 63,200,5 de septiembre,0.3
Avenida,42,Calle,63,Calle,65,Avenida 42 entre Calle 63 y Calle 65,200,5 de septiembre,0.4
Avenida,42,Calle,65,Calle,67,Avenida 42 entre Calle 65 y Calle 67,200,5 de septiembre,0.5
Avenida,42,Calle,67,Calle,69,Avenida 42 entre Calle 67 y Calle 69,200,5 de septiembre,0.6
Avenida,42,Calle,69,Calle,71,Avenida 42 entre Calle 69 y Calle 71,200,5 de septiembre,0.7
Avenida,42,Calle,71,Calle,73,Avenida 42 entre Calle 71 y Calle 73,200,5 de septiembre,0.8
Avenida,42,Calle,73,Calle,75,Avenida 42 entre Calle 73 y Calle 75,200,5 de septiembre,0.9
Avenida,42,Calle,75,Calle,77,Avenida 42 entre Calle 75 y Calle 77,200,5 de septiembre,1
Avenida,42,Calle,77,Calle,79,Avenida 42 entre Calle 77 y Calle 79,210,5 de septiembre,1.1
Avenida,42,Calle,79,Calle,81,Avenida 42 entre Calle 79 y Calle 81,220,5 de septiembre,1.2
Avenida,42,Calle,81,Calle,97,Avenida 42 entre Calle 81 y Calle 97,250,Junco Sur,1.5
Avenida,42,Calle,97,Calle,CIRCUNVALACION,Avenida 42 entre Calle 97 y Calle CIRCUNVALACION,300,Junco Sur,2
Avenida,JUNCO VIEJO,Calle,JUNCO VIEJO,Calle,JUNCO VIEJO,Avenida JUNCO VIEJO entre Calle JUNCO VIEJO y Calle JUNCO VIEJO,360,Junco Sur,2.6
Avenida,44,Calle,5,Calle,7,Avenida 44 entre Calle 5 y Calle 7,390,Reina,2.9
Avenida,44,Calle,7,Calle,9,Avenida 44 entre Calle 7 y Calle 9,380,Reina,2.8
Avenida,44,Calle,9,Calle,11,Avenida 44 entre Calle 9 y Calle 11,370,Reina,2.7
Avenida,44,Calle,11,Calle,13,Avenida 44 entre Calle 11 y Calle 13,360,Reina,2.6
Avenida,44,Calle,13,Calle,15,Avenida 44 entre Calle 13 y Calle 15,350,Reina,2.5
Avenida,44,Calle,33,Calle,35,Avenida 44 entre Calle 33 y Calle 35,220,Casco Historico,1.2
Avenida,44,Calle,35,Calle,37,Avenida 44 entre Calle 35 y Calle 37,220,Casco Historico,1.2
Avenida,44,Calle,37,Calle,39,Avenida 44 entre Calle 37 y Calle 39,200,Casco Historico,0.9
Avenida,44,Calle,39,Calle,41,Avenida 44 entre Calle 39 y Calle 41,200,Casco Historico,0.8
Avenida,44,Calle,41,Calle,43,Avenida 44 entre Calle 41 y Calle 43,200,Casco Historico,0.7
Avenida,44,Calle,43,Calle,45,Avenida 44 entre Calle 43 y Calle 45,200,Casco Historico,0.6
Avenida,44,Calle,45,Calle,47,Avenida 44 entre Calle 45 y Calle 47,200,Casco Historico,0.5
Avenida,44,Calle,47,Calle,49,Avenida 44 entre Calle 47 y Calle 49,200,Casco Historico,0.4
Avenida,44,Calle,49,Calle,51,Avenida 44 entre Calle 49 y Calle 51,200,Casco Historico,0.3
Avenida,44,Calle,59,Calle,61,Avenida 44 entre Calle 59 y Calle 61,200,Casco Historico,0.4
Avenida,44,Calle,61,Calle,63,Avenida 44 entre Calle 61 y Calle 63,200,La Juanita,0.4
Avenida,44,Calle,63,Calle,65,Avenida 44 entre Calle 63 y Calle 65,200,La Juanita,0.5
Avenida,44,Calle,67,Calle,69,Avenida 44 entre Calle 67 y Calle 69,200,La Juanita,0.6
Avenida,44,Calle,69,Calle,71,Avenida 44 entre Calle 69 y Calle 71,200,La Juanita,0.7
Avenida,44,Calle,71,Calle,73,Avenida 44 entre Calle 71 y Calle 73,200,La Juanita,0.8
Avenida,44,Calle,73,Calle,75,Avenida 44 entre Calle 73 y Calle 75,200,La Juanita,0.9
Avenida,46,Calle,7,Calle,7A,Avenida 46 entre Calle 7 y Calle 7A,350,Reina,2.5
Avenida,46,Calle,7A,Calle,9,Avenida 46 entre Calle 7A y Calle 9,340,Reina,2.4
Avenida,46,Calle,9,Calle,9A,Avenida 46 entre Calle 9 y Calle 9A,330,Reina,2.3
Avenida,46,Calle,9A,Calle,11,Avenida 46 entre Calle 9A y Calle 11,320,Reina,2.2
Avenida,46,Calle,11,Calle,13,Avenida 46 entre Calle 11 y Calle 13,310,Reina,2.1
Avenida,46,Calle,13,Calle,15,Avenida 46 entre Calle 13 y Calle 15,300,Reina,2
Avenida,46,Calle,15,Calle,17,Avenida 46 entre Calle 15 y Calle 17,290,Reina,1.9
Avenida,46,Calle,17,Calle,19,Avenida 46 entre Calle 17 y Calle 19,280,Reina,1.8
Avenida,46,Calle,19,Calle,21,Avenida 46 entre Calle 19 y Calle 21,270,Casco Historico,1.7
Avenida,46,Calle,21,Calle,23,Avenida 46 entre Calle 21 y Calle 23,260,Casco Historico,1.6
Avenida,46,Calle,23,Calle,25,Avenida 46 entre Calle 23 y Calle 25,250,Casco Historico,1.5
Avenida,46,Calle,25,Calle,27,Avenida 46 entre Calle 25 y Calle 27,240,Casco Historico,1.4
Avenida,46,Calle,27,Calle,29,Avenida 46 entre Calle 27 y Calle 29,230,Casco Historico,1.3
Avenida,46,Calle,29,Calle,31,Avenida 46 entre Calle 29 y Calle 31,220,Casco Historico,1.2
Avenida,46,Calle,31,Calle,33,Avenida 46 entre Calle 31 y Calle 33,210,Casco Historico,1.1
Avenida,46,Calle,33,Calle,35,Avenida 46 entre Calle 33 y Calle 35,200,Casco Historico,1
Avenida,46,Calle,35,Calle,37,Avenida 46 entre Calle 35 y Calle 37,200,Casco Historico,0.9
Avenida,46,Calle,37,Calle,39,Avenida 46 entre Calle 37 y Calle 39,200,Casco Historico,0.8
Avenida,46,Calle,39,Calle,41,Avenida 46 entre Calle 39 y Calle 41,200,Casco Historico,0.7
Avenida,46,Calle,41,Calle,43,Avenida 46 entre Calle 41 y Calle 43,200,Casco Historico,0.6
Avenida,46,Calle,43,Calle,45,Avenida 46 entre Calle 43 y Calle 45,200,Casco Historico,0.5
Avenida,46,Calle,45,Calle,47,Avenida 46 entre Calle 45 y Calle 47,200,Casco Historico,0.4
Avenida,46,Calle,47,Calle,49,Avenida 46 entre Calle 47 y Calle 49,200,Casco Historico,0.3
Avenida,46,Calle,49,Calle,51,Avenida 46 entre Calle 49 y Calle 51,200,Casco Historico,0.2
Avenida,46,Calle,57,Calle,59,Avenida 46 entre Calle 57 y Calle 59,200,Casco Historico,0.2
Avenida,46,Calle,59,Calle,61,Avenida 46 entre Calle 59 y Calle 61,200,Casco Historico,0.4
Avenida,46,Calle,61,Calle,63,Avenida 46 entre Calle 61 y Calle 63,200,La Juanita,0.5
Avenida,46,Calle,63,Calle,65,Avenida 46 entre Calle 63 y Calle 65,200,La Juanita,0.6
Avenida,46,Calle,65,Calle,67,Avenida 46 entre Calle 65 y Calle 67,200,La Juanita,0.7
Avenida,46,Calle,69,Calle,71,Avenida 46 entre Calle 69 y Calle 71,200,La Juanita,0.9
Avenida,46,Calle,71,Calle,73,Avenida 46 entre Calle 71 y Calle 73,200,La Juanita,1
Avenida,46,Calle,73,Calle,75,Avenida 46 entre Calle 73 y Calle 75,210,La Juanita,1.1
Avenida,46,Calle,75,Calle,77,Avenida 46 entre Calle 75 y Calle 77,220,La Juanita,1.2
Avenida,48,Calle,5,Calle,7,Avenida 48 entre Calle 5 y Calle 7,370,Reina,2.7
Avenida,48,Calle,7,Calle,7A,Avenida 48 entre Calle 7 y Calle 7A,360,Reina,2.6
Avenida,48,Calle,7A,Calle,9A,Avenida 48 entre Calle 7A y Calle 9A,350,Reina,2.5
Avenida,48,Calle,9A,Calle,11,Avenida 48 entre Calle 9A y Calle 11,340,Reina,2.4
Avenida,48,Calle,11,Calle,13,Avenida 48 entre Calle 11 y Calle 13,330,Reina,2.3
Avenida,48,Calle,13,Calle,15,Avenida 48 entre Calle 13 y Calle 15,320,Reina,2.2
Avenida,48,Calle,15,Calle,17,Avenida 48 entre Calle 15 y Calle 17,310,Reina,2.1
Avenida,48,Calle,17,Calle,19,Avenida 48 entre Calle 17 y Calle 19,300,Reina,2
Avenida,48,Calle,19,Calle,21,Avenida 48 entre Calle 19 y Calle 21,290,Casco Historico,1.9
Avenida,48,Calle,21,Calle,23,Avenida 48 entre Calle 21 y Calle 23,280,Casco Historico,1.8
Avenida,48,Calle,23,Calle,25,Avenida 48 entre Calle 23 y Calle 25,270,Casco Historico,1.7
Avenida,48,Calle,25,Calle,27,Avenida 48 entre Calle 25 y Calle 27,260,Casco Historico,1.6
Avenida,48,Calle,27,Calle,29,Avenida 48 entre Calle 27 y Calle 29,250,Casco Historico,1.5
Avenida,48,Calle,29,Calle,31,Avenida 48 entre Calle 29 y Calle 31,240,Casco Historico,1.4
Avenida,48,Calle,31,Calle,33,Avenida 48 entre Calle 31 y Calle 33,230,Casco Historico,1.3
Avenida,48,Calle,33,Calle,35,Avenida 48 entre Calle 33 y Calle 35,220,Casco Historico,1.2
Avenida,48,Calle,35,Calle,37,Avenida 48 entre Calle 35 y Calle 37,210,Casco Historico,1.1
Avenida,48,Calle,37,Calle,39,Avenida 48 entre Calle 37 y Calle 39,200,Casco Historico,1
Avenida,48,Calle,39,Calle,41,Avenida 48 entre Calle 39 y Calle 41,200,Casco Historico,0.9
Avenida,48,Calle,41,Calle,43,Avenida 48 entre Calle 41 y Calle 43,200,Casco Historico,0.8
Avenida,48,Calle,43,Calle,45,Avenida 48 entre Calle 43 y Calle 45,200,Casco Historico,0.7
Avenida,48,Calle,45,Calle,47,Avenida 48 entre Calle 45 y Calle 47,200,Casco Historico,0.6
Avenida,48,Calle,47,Calle,49,Avenida 48 entre Calle 47 y Calle 49,200,Casco Historico,0.6
Avenida,48,Calle,49,Calle,51,Avenida 48 entre Calle 49 y Calle 51,200,Casco Historico,0.5
Avenida,48,Calle,51,Calle,53,Avenida 48 entre Calle 51 y Calle 53,200,Casco Historico,0.5
Avenida,48,Calle,53,Calle,55,Avenida 48 entre Calle 53 y Calle 55,200,Casco Historico,0.5
Avenida,48,Calle,55,Calle,57,Avenida 48 entre Calle 55 y Calle 57,200,Casco Historico,0.4
Avenida,48,Calle,57,Calle,59,Avenida 48 entre Calle 57 y Calle 59,200,Casco Historico,0.4
Avenida,48,Calle,59,Calle,61,Avenida 48 entre Calle 59 y Calle 61,200,Casco Historico,0.5
Avenida,48,Calle,61,Calle,63,Avenida 48 entre Calle 61 y Calle 63,200,La Juanita,0.6
Avenida,48,Calle,63,Calle,65,Avenida 48 entre Calle 63 y Calle 65,200,La Juanita,0.7
Avenida,48,Calle,65,Calle,67,Avenida 48 entre Calle 65 y Calle 67,200,La Juanita,0.8
Avenida,48,Calle,67,Calle,69,Avenida 48 entre Calle 67 y Calle 69,200,La Juanita,0.9
Avenida,48,Calle,69,Calle,71,Avenida 48 entre Calle 69 y Calle 71,200,La Juanita,1
Avenida,48,Calle,71,Calle,73,Avenida 48 entre Calle 71 y Calle 73,210,La Juanita,1.1
Avenida,48,Calle,73,Calle,75,Avenida 48 entre Calle 73 y Calle 75,220,La Juanita,1.2
Avenida,48,Calle,77,Calle,79,Avenida 48 entre Calle 77 y Calle 79,240,La Juanita,1.4
Avenida,48A,Calle,77,Calle,79,Avenida 48A entre Calle 77 y Calle 79,250,La Juanita,1.5
Avenida,50,Calle,7,Calle,7A,Avenida 50 entre Calle 7 y Calle 7A,370,Reina,2.7
Avenida,50,Calle,7A,Calle,9A,Avenida 50 entre Calle 7A y Calle 9A,360,Reina,2.6
Avenida,50,Calle,9A,Calle,11,Avenida 50 entre Calle 9A y Calle 11,350,Reina,2.5
Avenida,50,Calle,11,Calle,13,Avenida 50 entre Calle 11 y Calle 13,340,Reina,2.4
Avenida,50,Calle,13,Calle,15,Avenida 50 entre Calle 13 y Calle 15,330,Reina,2.3
Avenida,50,Calle,15,Calle,17,Avenida 50 entre Calle 15 y Calle 17,330,Reina,2.3
Avenida,50,Calle,19,Calle,21,Avenida 50 entre Calle 19 y Calle 21,300,Casco Historico,2
Avenida,50,Calle,21,Calle,23,Avenida 50 entre Calle 21 y Calle 23,290,Casco Historico,1.9
Avenida,50,Calle,23,Calle,25,Avenida 50 entre Calle 23 y Calle 25,280,Casco Historico,1.8
Avenida,50,Calle,25,Calle,27,Avenida 50 entre Calle 25 y Calle 27,270,Casco Historico,1.7
Avenida,50,Calle,27,Calle,29,Avenida 50 entre Calle 27 y Calle 29,260,Casco Historico,1.6
Avenida,50,Calle,29,Calle,31,Avenida 50 entre Calle 29 y Calle 31,250,Casco Historico,1.5
Avenida,50,Calle,31,Calle,33,Avenida 50 entre Calle 31 y Calle 33,240,Casco Historico,1.4
Avenida,50,Calle,33,Calle,35,Avenida 50 entre Calle 33 y Calle 35,230,Casco Historico,1.3
Avenida,50,Calle,35,Calle,37,Avenida 50 entre Calle 35 y Calle 37,230,Casco Historico,1.3
Avenida,50,Calle,37,Calle,39,Avenida 50 entre Calle 37 y Calle 39,200,Casco Historico,1
Avenida,50,Calle,39,Calle,41,Avenida 50 entre Calle 39 y Calle 41,200,Casco Historico,0.9
Avenida,50,Calle,41,Calle,43,Avenida 50 entre Calle 41 y Calle 43,200,Casco Historico,0.8
Avenida,50,Calle,43,Calle,45,Avenida 50 entre Calle 43 y Calle 45,200,Casco Historico,0.7
Avenida,50,Calle,45,Calle,47,Avenida 50 entre Calle 45 y Calle 47,200,Casco Historico,0.6
Avenida,50,Calle,47,Calle,49,Avenida 50 entre Calle 47 y Calle 49,200,Casco Historico,0.5
Avenida,50,Calle,49,Calle,51,Avenida 50 entre Calle 49 y Calle 51,200,Casco Historico,0.7
Avenida,50,Calle,51,Calle,53,Avenida 50 entre Calle 51 y Calle 53,200,Casco Historico,0.6
Avenida,50,Calle,53,Calle,55,Avenida 50 entre Calle 53 y Calle 55,200,Casco Historico,0.6
Avenida,50,Calle,55,Calle,57,Avenida 50 entre Calle 55 y Calle 57,200,Casco Historico,0.5
Avenida,50,Calle,57,Calle,59,Avenida 50 entre Calle 57 y Calle 59,200,Casco Historico,0.5
Avenida,50,Calle,59,Calle,61,Avenida 50 entre Calle 59 y Calle 61,200,Casco Historico,0.6
Avenida,50,Calle,61,Calle,63,Avenida 50 entre Calle 61 y Calle 63,200,La Juanita,0.7
Avenida,50,Calle,63,Calle,65,Avenida 50 entre Calle 63 y Calle 65,200,La Juanita,0.8
Avenida,50,Calle,65,Calle,67,Avenida 50 entre Calle 65 y Calle 67,200,La Juanita,0.9
Avenida,50,Calle,67,Calle,69,Avenida 50 entre Calle 67 y Calle 69,200,La Juanita,1
Avenida,50,Calle,69,Calle,71,Avenida 50 entre Calle 69 y Calle 71,210,La Juanita,1.1
Avenida,50,Calle,71,Calle,73,Avenida 50 entre Calle 71 y Calle 73,220,La Juanita,1.2
Avenida,50,Calle,73,Calle,75,Avenida 50 entre Calle 73 y Calle 75,230,La Juanita,1.3
Avenida,50,Calle,75,Calle,77,Avenida 50 entre Calle 75 y Calle 77,240,La Juanita,1.4
Avenida,52,Calle,7,Calle,9,Avenida 52 entre Calle 7 y Calle 9,370,Reina,2.7
Avenida,52,Calle,9,Calle,11,Avenida 52 entre Calle 9 y Calle 11,360,Reina,2.6
Avenida,52,Calle,19,Calle,21,Avenida 52 entre Calle 19 y Calle 21,310,Casco Historico,2.1
Avenida,52,Calle,21,Calle,23,Avenida 52 entre Calle 21 y Calle 23,300,Casco Historico,2
Avenida,52,Calle,23,Calle,25,Avenida 52 entre Calle 23 y Calle 25,290,Casco Historico,1.9
Avenida,52,Calle,25,Calle,27,Avenida 52 entre Calle 25 y Calle 27,280,Casco Historico,1.8
Avenida,52,Calle,27,Calle,29,Avenida 52 entre Calle 27 y Calle 29,270,Casco Historico,1.7
Avenida,52,Calle,29,Calle,31,Avenida 52 entre Calle 29 y Calle 31,260,Casco Historico,1.6
Avenida,52,Calle,31,Calle,33,Avenida 52 entre Calle 31 y Calle 33,250,Casco Historico,1.5
Avenida,52,Calle,33,Calle,35,Avenida 52 entre Calle 33 y Calle 35,240,Casco Historico,1.4
Avenida,52,Calle,35,Calle,37,Avenida 52 entre Calle 35 y Calle 37,230,Casco Historico,1.3
Avenida,52,Calle,37,Calle,39,Avenida 52 entre Calle 37 y Calle 39,220,Casco Historico,1.2
Avenida,52,Calle,39,Calle,41,Avenida 52 entre Calle 39 y Calle 41,210,Casco Historico,1.1
Avenida,52,Calle,41,Calle,43,Avenida 52 entre Calle 41 y Calle 43,200,Casco Historico,1
Avenida,52,Calle,43,Calle,45,Avenida 52 entre Calle 43 y Calle 45,200,Casco Historico,0.9
Avenida,52,Calle,45,Calle,47,Avenida 52 entre Calle 45 y Calle 47,200,Casco Historico,0.8
Avenida,52,Calle,47,Calle,49,Avenida 52 entre Calle 47 y Calle 49,200,Casco Historico,0.7
Avenida,52,Calle,49,Calle,51,Avenida 52 entre Calle 49 y Calle 51,200,Casco Historico,0.8
Avenida,52,Calle,51,Calle,53,Avenida 52 entre Calle 51 y Calle 53,200,Casco Historico,0.7
Avenida,52,Calle,53,Calle,55,Avenida 52 entre Calle 53 y Calle 55,200,Casco Historico,0.8
Avenida,52,Calle,55,Calle,57,Avenida 52 entre Calle 55 y Calle 57,200,Casco Historico,0.6
Avenida,52,Calle,57,Calle,59,Avenida 52 entre Calle 57 y Calle 59,200,Casco Historico,0.6
Avenida,52,Calle,59,Calle,61,Avenida 52 entre Calle 59 y Calle 61,200,Casco Historico,0.7
Avenida,52,Calle,61,Calle,63,Avenida 52 entre Calle 61 y Calle 63,200,La Juanita,0.8
Avenida,52,Calle,63,Calle,65,Avenida 52 entre Calle 63 y Calle 65,200,La Juanita,0.9
Avenida,52,Calle,65,Calle,67,Avenida 52 entre Calle 65 y Calle 67,200,La Juanita,1
Avenida,52,Calle,67,Calle,69,Avenida 52 entre Calle 67 y Calle 69,210,La Juanita,1.1
Avenida,52,Calle,69,Calle,71,Avenida 52 entre Calle 69 y Calle 71,220,La Juanita,1.2
Avenida,52,Calle,71,Calle,73,Avenida 52 entre Calle 71 y Calle 73,230,La Juanita,1.3
Avenida,52,Calle,73,Calle,75,Avenida 52 entre Calle 73 y Calle 75,240,La Juanita,1.4
Avenida,54,Calle,9,Calle,9A,Avenida 54 entre Calle 9 y Calle 9A,380,Reina,2.8
Avenida,54,Calle,15,Calle,17,Avenida 54 entre Calle 15 y Calle 17,340,Reina,2.4
Avenida,54,Calle,17,Calle,19,Avenida 54 entre Calle 17 y Calle 19,330,Reina,2.3
Avenida,54,Calle,19,Calle,21,Avenida 54 entre Calle 19 y Calle 21,330,Casco Historico,2.3
Avenida,54,Calle,21,Calle,23,Avenida 54 entre Calle 21 y Calle 23,330,Casco Historico,2.3
Avenida,54,Calle,23,Calle,25,Avenida 54 entre Calle 23 y Calle 25,320,Casco Historico,2.2
Avenida,54,Calle,25,Calle,27,Avenida 54 entre Calle 25 y Calle 27,310,Casco Historico,2.1
Avenida,54,Calle,33,Calle,35,Avenida 54 entre Calle 33 y Calle 35,260,Casco Historico,1.6
Avenida,54,Calle,37,Calle,39,Avenida 54 entre Calle 37 y Calle 39,240,Casco Historico,1.4
Avenida,54,Calle,39,Calle,41,Avenida 54 entre Calle 39 y Calle 41,230,Casco Historico,1.3
Avenida,54,Calle,41,Calle,43,Avenida 54 entre Calle 41 y Calle 43,220,Casco Historico,1.2
Avenida,54,Calle,43,Calle,45,Avenida 54 entre Calle 43 y Calle 45,210,Casco Historico,1.1
Avenida,54,Calle,45,Calle,47,Avenida 54 entre Calle 45 y Calle 47,200,Casco Historico,1
Avenida,54,Calle,47,Calle,49,Avenida 54 entre Calle 47 y Calle 49,200,Casco Historico,1
Avenida,54,Calle,49,Calle,51,Avenida 54 entre Calle 49 y Calle 51,200,Casco Historico,0.9
Avenida,54,Calle,51,Calle,53,Avenida 54 entre Calle 51 y Calle 53,200,Casco Historico,0.8
Avenida,54,Calle,53,Calle,55,Avenida 54 entre Calle 53 y Calle 55,200,Casco Historico,0.7
Avenida,54,Calle,55,Calle,57,Avenida 54 entre Calle 55 y Calle 57,200,Casco Historico,0.8
Avenida,54,Calle,57,Calle,59,Avenida 54 entre Calle 57 y Calle 59,200,Casco Historico,0.7
Avenida,54,Calle,59,Calle,61,Avenida 54 entre Calle 59 y Calle 61,200,Casco Historico,0.8
Avenida,54,Calle,61,Calle,63,Avenida 54 entre Calle 61 y Calle 63,200,La Juanita,0.9
Avenida,54,Calle,63,Calle,65,Avenida 54 entre Calle 63 y Calle 65,200,La Juanita,1
Avenida,54,Calle,65,Calle,67,Avenida 54 entre Calle 65 y Calle 67,210,La Juanita,1.1
Avenida,54,Calle,67,Calle,69,Avenida 54 entre Calle 67 y Calle 69,220,La Juanita,1.2
Avenida,54,Calle,69,Calle,71,Avenida 54 entre Calle 69 y Calle 71,230,La Juanita,1.3
Avenida,54,Calle,71,Calle,73,Avenida 54 entre Calle 71 y Calle 73,240,La Juanita,1.4
Avenida,54,Calle,73,Calle,75,Avenida 54 entre Calle 73 y Calle 75,250,La Juanita,1.5
Avenida,54,Calle,75,Calle,77,Avenida 54 entre Calle 75 y Calle 77,260,La Juanita,1.6
Avenida,56,Calle,7,Calle,9,Avenida 56 entre Calle 7 y Calle 9,400,Reina,3
Avenida,56,Calle,9,Calle,11,Avenida 56 entre Calle 9 y Calle 11,390,Reina,2.9
Avenida,56,Calle,11,Calle,13,Avenida 56 entre Calle 11 y Calle 13,400,Reina,3
Avenida,56,Calle,19,Calle,21,Avenida 56 entre Calle 19 y Calle 21,330,Casco Historico,2.3
Avenida,56,Calle,21,Calle,23,Avenida 56 entre Calle 21 y Calle 23,320,Casco Historico,2.2
Avenida,56,Calle,23,Calle,25,Avenida 56 entre Calle 23 y Calle 25,310,Casco Historico,2.1
Avenida,56,Calle,25,Calle,27,Avenida 56 entre Calle 25 y Calle 27,300,Casco Historico,2
Avenida,56,Calle,27,Calle,29,Avenida 56 entre Calle 27 y Calle 29,290,Casco Historico,1.9
Avenida,56,Calle,29,Calle,31,Avenida 56 entre Calle 29 y Calle 31,280,Casco Historico,1.8
Avenida,56,Calle,31,Calle,33,Avenida 56 entre Calle 31 y Calle 33,270,Casco Historico,1.7
Avenida,56,Calle,33,Calle,35,Avenida 56 entre Calle 33 y Calle 35,260,Casco Historico,1.6
Avenida,56,Calle,35,Calle,37,Avenida 56 entre Calle 35 y Calle 37,250,Casco Historico,1.5
Avenida,56,Calle,37,Calle,39,Avenida 56 entre Calle 37 y Calle 39,240,Casco Historico,1.4
Avenida,56,Calle,39,Calle,41,Avenida 56 entre Calle 39 y Calle 41,230,Casco Historico,1.3
Avenida,56,Calle,41,Calle,43,Avenida 56 entre Calle 41 y Calle 43,220,Casco Historico,1.2
Avenida,56,Calle,43,Calle,45,Avenida 56 entre Calle 43 y Calle 45,210,Casco Historico,1.1
Avenida,56,Calle,45,Calle,47,Avenida 56 entre Calle 45 y Calle 47,200,Casco Historico,1
Avenida,56,Calle,47,Calle,49,Avenida 56 entre Calle 47 y Calle 49,200,Casco Historico,1
Avenida,56,Calle,49,Calle,51,Avenida 56 entre Calle 49 y Calle 51,200,Casco Historico,0.9
Avenida,56,Calle,51,Calle,53,Avenida 56 entre Calle 51 y Calle 53,200,Casco Historico,0.9
Avenida,56,Calle,53,Calle,55,Avenida 56 entre Calle 53 y Calle 55,200,Casco Historico,1
Avenida,56,Calle,55,Calle,57,Avenida 56 entre Calle 55 y Calle 57,200,Casco Historico,0.8
Avenida,56,Calle,57,Calle,59,Avenida 56 entre Calle 57 y Calle 59,200,Casco Historico,1
Avenida,56,Calle,59,Calle,61,Avenida 56 entre Calle 59 y Calle 61,200,Casco Historico,1
Avenida,56,Calle,61,Calle,63,Avenida 56 entre Calle 61 y Calle 63,200,La Juanita,1
Avenida,56,Calle,63,Calle,65,Avenida 56 entre Calle 63 y Calle 65,210,La Juanita,1.1
Avenida,56,Calle,65,Calle,67,Avenida 56 entre Calle 65 y Calle 67,220,La Juanita,1.2
Avenida,56,Calle,67,Calle,69,Avenida 56 entre Calle 67 y Calle 69,230,La Juanita,1.3
Avenida,56,Calle,69,Calle,71,Avenida 56 entre Calle 69 y Calle 71,240,La Juanita,1.4
Avenida,56,Calle,71,Calle,73,Avenida 56 entre Calle 71 y Calle 73,250,La Juanita,1.5
Avenida,56,Calle,73,Calle,75,Avenida 56 entre Calle 73 y Calle 75,260,La Juanita,1.6
Avenida,56,Calle,75,Calle,77,Avenida 56 entre Calle 75 y Calle 77,270,La Juanita,1.7
Avenida,58,Calle,7,Calle,9,Avenida 58 entre Calle 7 y Calle 9,400,Reina,3
Avenida,58,Calle,9,Calle,11,Avenida 58 entre Calle 9 y Calle 11,400,Reina,3
Avenida,58,Calle,17,Calle,19,Avenida 58 entre Calle 17 y Calle 19,350,Reina,2.5
Avenida,58,Calle,19,Calle,21,Avenida 58 entre Calle 19 y Calle 21,350,Casco Historico,2.5
Avenida,58,Calle,21,Calle,23,Avenida 58 entre Calle 21 y Calle 23,360,Casco Historico,2.6
Avenida,58,Calle,23,Calle,25,Avenida 58 entre Calle 23 y Calle 25,320,Casco Historico,2.2
Avenida,58,Calle,25,Calle,27,Avenida 58 entre Calle 25 y Calle 27,310,Casco Historico,2.1
Avenida,58,Calle,27,Calle,29,Avenida 58 entre Calle 27 y Calle 29,300,Casco Historico,2
Avenida,58,Calle,29,Calle,31,Avenida 58 entre Calle 29 y Calle 31,290,Casco Historico,1.9
Avenida,58,Calle,31,Calle,33,Avenida 58 entre Calle 31 y Calle 33,280,Casco Historico,1.8
Avenida,58,Calle,33,Calle,35,Avenida 58 entre Calle 33 y Calle 35,270,Casco Historico,1.7
Avenida,58,Calle,35,Calle,37,Avenida 58 entre Calle 35 y Calle 37,260,Casco Historico,1.6
Avenida,58,Calle,37,Calle,39,Avenida 58 entre Calle 37 y Calle 39,250,Casco Historico,1.5
Avenida,58,Calle,39,Calle,41,Avenida 58 entre Calle 39 y Calle 41,240,Casco Historico,1.4
Avenida,58,Calle,41,Calle,43,Avenida 58 entre Calle 41 y Calle 43,230,Casco Historico,1.3
Avenida,58,Calle,43,Calle,45,Avenida 58 entre Calle 43 y Calle 45,220,Casco Historico,1.2
Avenida,58,Calle,45,Calle,47,Avenida 58 entre Calle 45 y Calle 47,210,Casco Historico,1.1
Avenida,58,Calle,47,Calle,49,Avenida 58 entre Calle 47 y Calle 49,210,Casco Historico,1.1
Avenida,58,Calle,49,Calle,51,Avenida 58 entre Calle 49 y Calle 51,210,Casco Historico,1.1
Avenida,58,Calle,51,Calle,53,Avenida 58 entre Calle 51 y Calle 53,220,Casco Historico,1.2
Avenida,58,Calle,53,Calle,55,Avenida 58 entre Calle 53 y Calle 55,230,Casco Historico,1.3
Avenida,58,Calle,55,Calle,57,Avenida 58 entre Calle 55 y Calle 57,220,Casco Historico,1.2
Avenida,58,Calle,57,Calle,59,Avenida 58 entre Calle 57 y Calle 59,210,Casco Historico,1.1
Avenida,58,Calle,59,Calle,61,Avenida 58 entre Calle 59 y Calle 61,210,Casco Historico,1.1
Avenida,58,Calle,61,Calle,63,Avenida 58 entre Calle 61 y Calle 63,210,La Juanita,1.1
Avenida,58,Calle,63,Calle,65,Avenida 58 entre Calle 63 y Calle 65,220,La Juanita,1.2
Avenida,58,Calle,65,Calle,67,Avenida 58 entre Calle 65 y Calle 67,230,La Juanita,1.3
Avenida,58,Calle,67,Calle,69,Avenida 58 entre Calle 67 y Calle 69,240,La Juanita,1.4
Avenida,58,Calle,69,Calle,71,Avenida 58 entre Calle 69 y Calle 71,250,La Juanita,1.5
Avenida,58,Calle,71,Calle,73,Avenida 58 entre Calle 71 y Calle 73,260,La Juanita,1.6
Avenida,58,Calle,73,Calle,75,Avenida 58 entre Calle 73 y Calle 75,270,La Juanita,1.7
Avenida,58,Calle,75,Calle,77,Avenida 58 entre Calle 75 y Calle 77,280,Tulipan,1.8
Avenida,58,Calle,77,Calle,79,Avenida 58 entre Calle 77 y Calle 79,290,Tulipan,1.9
Avenida,58,Calle,79,Calle,81,Avenida 58 entre Calle 79 y Calle 81,300,Tulipan,2
Avenida,58,Calle,81,Calle,83,Avenida 58 entre Calle 81 y Calle 83,310,Tulipan,2.1
Avenida,58,Calle,83,Calle,85,Avenida 58 entre Calle 83 y Calle 85,320,Tulipan,2.2
Avenida,58,Calle,85,Calle,87,Avenida 58 entre Calle 85 y Calle 87,330,Tulipan,2.3
Avenida,58,Calle,87,Calle,89,Avenida 58 entre Calle 87 y Calle 89,340,Tulipan,2.4
Avenida,58,Calle,89,Calle,91,Avenida 58 entre Calle 89 y Calle 91,350,Tulipan,2.5
Avenida,58,Calle,91,Calle,93,Avenida 58 entre Calle 91 y Calle 93,360,Tulipan,2.6
Avenida,58,Calle,93,Calle,CIRCUNVALACION,Avenida 58 entre Calle 93 y Calle CIRCUNVALACION,370,Tulipan,2.7
Avenida,LINEA,Calle,21,Calle,23,Avenida LINEA entre Calle 21 y Calle 23,340,Casco Historico,2.4
Avenida,LINEA,Calle,19,Calle,21,Avenida LINEA entre Calle 19 y Calle 21,350,Casco Historico,2.5
Avenida,LINEA,Calle,23,Calle,25,Avenida LINEA entre Calle 23 y Calle 25,330,Casco Historico,2.3
Avenida,LINEA,Calle,29,Calle,31,Avenida LINEA entre Calle 29 y Calle 31,320,Casco Historico,2.2
Avenida,LINEA,Calle,31,Calle,33,Avenida LINEA entre Calle 31 y Calle 33,310,Casco Historico,2.1
Avenida,LINEA,Calle,33,Calle,35,Avenida LINEA entre Calle 33 y Calle 35,300,Casco Historico,2
Avenida,LINEA,Calle,35,Calle,37,Avenida LINEA entre Calle 35 y Calle 37,290,Casco Historico,1.9
Avenida,LINEA,Avenida,66,Avenida,68,Avenida LINEA entre Avenida 66 y Avenida 68,280,Casco Historico,1.8
Avenida,LINEA,Avenida,68,Avenida,70,Avenida LINEA entre Avenida 68 y Avenida 70,290,Casco Historico,1.9
Avenida,60,Calle,21,Calle,23,Avenida 60 entre Calle 21 y Calle 23,340,Casco Historico,2.4
Avenida,60,Calle,23,Calle,25,Avenida 60 entre Calle 23 y Calle 25,330,Casco Historico,2.3
Avenida,60,Calle,25,Calle,27,Avenida 60 entre Calle 25 y Calle 27,320,Casco Historico,2.2
Avenida,60,Calle,27,Calle,29,Avenida 60 entre Calle 27 y Calle 29,310,Casco Historico,2.1
Avenida,60,Calle,29,Calle,31,Avenida 60 entre Calle 29 y Calle 31,300,Casco Historico,2
Avenida,60,Calle,31,Calle,33,Avenida 60 entre Calle 31 y Calle 33,290,Casco Historico,1.9
Avenida,60,Calle,33,Calle,35,Avenida 60 entre Calle 33 y Calle 35,280,Casco Historico,1.8
Avenida,60,Calle,35,Calle,37,Avenida 60 entre Calle 35 y Calle 37,270,Casco Historico,1.7
Avenida,60,Calle,37,Calle,39,Avenida 60 entre Calle 37 y Calle 39,260,Casco Historico,1.6
Avenida,60,Calle,39,Calle,41,Avenida 60 entre Calle 39 y Calle 41,250,Casco Historico,1.5
Avenida,60,Calle,41,Calle,43,Avenida 60 entre Calle 41 y Calle 43,240,Casco Historico,1.4
Avenida,60,Calle,43,Calle,45,Avenida 60 entre Calle 43 y Calle 45,230,Casco Historico,1.3
Avenida,60,Calle,45,Calle,47,Avenida 60 entre Calle 45 y Calle 47,220,Casco Historico,1.2
Avenida,60,Calle,47,Calle,49,Avenida 60 entre Calle 47 y Calle 49,210,Casco Historico,1.1
Avenida,60,Calle,49,Calle,51,Avenida 60 entre Calle 49 y Calle 51,210,Casco Historico,1.1
Avenida,60,Calle,51,Calle,53,Avenida 60 entre Calle 51 y Calle 53,230,Casco Historico,1.3
Avenida,60,Calle,53,Calle,55,Avenida 60 entre Calle 53 y Calle 55,240,Casco Historico,1.4
Avenida,60,Calle,55,Calle,57,Avenida 60 entre Calle 55 y Calle 57,230,Casco Historico,1.3
Avenida,60,Calle,57,Calle,59,Avenida 60 entre Calle 57 y Calle 59,220,Casco Historico,1.2
Avenida,60,Calle,59,Calle,61,Avenida 60 entre Calle 59 y Calle 61,210,Casco Historico,1.1
Avenida,60,Calle,61,Calle,63,Avenida 60 entre Calle 61 y Calle 63,210,La Juanita,1.1
Avenida,60,Calle,63,Calle,65,Avenida 60 entre Calle 63 y Calle 65,220,La Juanita,1.2
Avenida,60,Calle,65,Calle,67,Avenida 60 entre Calle 65 y Calle 67,230,La Juanita,1.3
Avenida,60,Calle,67,Calle,69,Avenida 60 entre Calle 67 y Calle 69,240,La Juanita,1.4
Avenida,60,Calle,69,Calle,71,Avenida 60 entre Calle 69 y Calle 71,250,La Juanita,1.5
Avenida,60,Calle,71,Calle,73,Avenida 60 entre Calle 71 y Calle 73,260,La Juanita,1.6
Avenida,60,Calle,73,Calle,75,Avenida 60 entre Calle 73 y Calle 75,270,La Juanita,1.7
Avenida,60,Calle,75,Calle,77,Avenida 60 entre Calle 75 y Calle 77,280,Tulipan,1.8
Avenida,60,Calle,77,Calle,79,Avenida 60 entre Calle 77 y Calle 79,290,Tulipan,1.9
Avenida,60,Calle,79,Calle,81,Avenida 60 entre Calle 79 y Calle 81,300,Tulipan,2
Avenida,60,Calle,81,Calle,83,Avenida 60 entre Calle 81 y Calle 83,310,Tulipan,2.1
Avenida,60,Calle,83,Calle,85,Avenida 60 entre Calle 83 y Calle 85,320,Tulipan,2.2
Avenida,60,Calle,85,Calle,87,Avenida 60 entre Calle 85 y Calle 87,330,Tulipan,2.3
Avenida,60,Calle,87,Calle,89,Avenida 60 entre Calle 87 y Calle 89,340,Tulipan,2.4
Avenida,60,Calle,89,Calle,91,Avenida 60 entre Calle 89 y Calle 91,350,Tulipan,2.5
Avenida,60,Calle,91,Calle,93,Avenida 60 entre Calle 91 y Calle 93,360,Tulipan,2.6
Avenida,60,Calle,93,Calle,95,Avenida 60 entre Calle 93 y Calle 95,370,Tulipan,2.7
Avenida,62,Calle,23,Calle,25,Avenida 62 entre Calle 23 y Calle 25,350,Reina,2.5
Avenida,62,Calle,25,Calle,27,Avenida 62 entre Calle 25 y Calle 27,340,Reina,2.4
Avenida,62,Calle,27,Calle,29,Avenida 62 entre Calle 27 y Calle 29,330,Reina,2.3
Avenida,62,Calle,29,Calle,31,Avenida 62 entre Calle 29 y Calle 31,320,Reina,2.2
Avenida,62,Calle,31,Calle,33,Avenida 62 entre Calle 31 y Calle 33,310,Reina,2.1
Avenida,62,Calle,33,Calle,35,Avenida 62 entre Calle 33 y Calle 35,300,Reina,2
Avenida,62,Calle,35,Calle,37,Avenida 62 entre Calle 35 y Calle 37,290,Reina,1.9
Avenida,62,Calle,37,Calle,39,Avenida 62 entre Calle 37 y Calle 39,280,Casco Historico,1.8
Avenida,62,Calle,39,Calle,41,Avenida 62 entre Calle 39 y Calle 41,270,Casco Historico,1.7
Avenida,62,Calle,41,Calle,43,Avenida 62 entre Calle 41 y Calle 43,260,Casco Historico,1.6
Avenida,62,Calle,43,Calle,45,Avenida 62 entre Calle 43 y Calle 45,250,Casco Historico,1.5
Avenida,62,Calle,45,Calle,47,Avenida 62 entre Calle 45 y Calle 47,240,Casco Historico,1.4
Avenida,62,Calle,47,Calle,49,Avenida 62 entre Calle 47 y Calle 49,230,Casco Historico,1.3
Avenida,62,Calle,51,Calle,53,Avenida 62 entre Calle 51 y Calle 53,230,Casco Historico,1.3
Avenida,62,Calle,53,Calle,55,Avenida 62 entre Calle 53 y Calle 55,240,Casco Historico,1.4
Avenida,62,Calle,55,Calle,57,Avenida 62 entre Calle 55 y Calle 57,240,Casco Historico,1.4
Avenida,62,Calle,57,Calle,59,Avenida 62 entre Calle 57 y Calle 59,230,Casco Historico,1.3
Avenida,62,Calle,59,Calle,61,Avenida 62 entre Calle 59 y Calle 61,220,Casco Historico,1.2
Avenida,62,Calle,61,Calle,63,Avenida 62 entre Calle 61 y Calle 63,220,La Juanita,1.2
Avenida,62,Calle,63,Calle,65,Avenida 62 entre Calle 63 y Calle 65,240,La Juanita,1.4
Avenida,62,Calle,65,Calle,67,Avenida 62 entre Calle 65 y Calle 67,240,La Juanita,1.4
Avenida,62,Calle,67,Calle,69,Avenida 62 entre Calle 67 y Calle 69,250,La Juanita,1.5
Avenida,62,Calle,69,Calle,71,Avenida 62 entre Calle 69 y Calle 71,260,La Juanita,1.6
Avenida,62,Calle,71,Calle,73,Avenida 62 entre Calle 71 y Calle 73,270,La Juanita,1.7
Avenida,62,Calle,73,Calle,75,Avenida 62 entre Calle 73 y Calle 75,280,La Juanita,1.8
Avenida,62,Calle,75,Calle,77,Avenida 62 entre Calle 75 y Calle 77,290,Tulipan,1.9
Avenida,62,Calle,77,Calle,79,Avenida 62 entre Calle 77 y Calle 79,300,Tulipan,2
Avenida,62,Calle,79,Calle,81,Avenida 62 entre Calle 79 y Calle 81,310,Tulipan,2.1
Avenida,62,Calle,81,Calle,83,Avenida 62 entre Calle 81 y Calle 83,320,Tulipan,2.2
Avenida,62,Calle,83,Calle,85,Avenida 62 entre Calle 83 y Calle 85,330,Tulipan,2.3
Avenida,62,Calle,85,Calle,87,Avenida 62 entre Calle 85 y Calle 87,340,Tulipan,2.4
Avenida,62,Calle,87,Calle,89,Avenida 62 entre Calle 87 y Calle 89,350,Tulipan,2.5
Avenida,62,Calle,89,Calle,91,Avenida 62 entre Calle 89 y Calle 91,360,Tulipan,2.6
Avenida,62,Calle,91,Calle,93,Avenida 62 entre Calle 91 y Calle 93,370,Tulipan,2.7
Avenida,62,Calle,93,Calle,95,Avenida 62 entre Calle 93 y Calle 95,380,Tulipan,2.8
Avenida,64,Calle,29,Calle,31,Avenida 64 entre Calle 29 y Calle 31,320,Punta Gotica,2.2
Avenida,64,Calle,31,Calle,33,Avenida 64 entre Calle 31 y Calle 33,310,Punta Gotica,2.1
Avenida,64,Calle,33,Calle,35,Avenida 64 entre Calle 33 y Calle 35,300,Punta Gotica,2
Avenida,64,Calle,35,Calle,37,Avenida 64 entre Calle 35 y Calle 37,290,Punta Gotica,1.9
Avenida,64,Calle,37,Calle,39,Avenida 64 entre Calle 37 y Calle 39,280,San Lazaro,1.8
Avenida,64,Calle,39,Calle,41,Avenida 64 entre Calle 39 y Calle 41,270,San Lazaro,1.7
Avenida,64,Calle,41,Calle,45,Avenida 64 entre Calle 41 y Calle 45,260,San Lazaro,1.6
Avenida,64,Calle,45,Calle,47,Avenida 64 entre Calle 45 y Calle 47,260,San Lazaro,1.6
Avenida,64,Calle,47,Calle,49,Avenida 64 entre Calle 47 y Calle 49,250,San Lazaro,1.5
Avenida,64,Calle,49,Calle,51,Avenida 64 entre Calle 49 y Calle 51,250,San Lazaro,1.5
Avenida,64,Calle,51,Calle,53,Avenida 64 entre Calle 51 y Calle 53,260,San Lazaro,1.6
Avenida,64,Calle,53,Calle,55,Avenida 64 entre Calle 53 y Calle 55,270,San Lazaro,1.7
Avenida,64,Calle,55,Calle,57,Avenida 64 entre Calle 55 y Calle 57,280,San Lazaro,1.8
Avenida,64,Calle,57,Calle,59,Avenida 64 entre Calle 57 y Calle 59,290,San Lazaro,1.9
Avenida,64,Calle,59,Calle,61,Avenida 64 entre Calle 59 y Calle 61,300,San Lazaro,2
Avenida,64,Calle,61,Calle,63,Avenida 64 entre Calle 61 y Calle 63,310,San Lazaro,2.1
Avenida,64,Calle,63,Calle,65,Avenida 64 entre Calle 63 y Calle 65,330,La Juanita,2.3
Avenida,64,Calle,65,Calle,75,Avenida 64 entre Calle 65 y Calle 75,350,La Juanita,2.5
Avenida,64,Calle,75,Calle,77,Avenida 64 entre Calle 75 y Calle 77,360,Tulipan,2.6
Avenida,64,Calle,77,Calle,79,Avenida 64 entre Calle 77 y Calle 79,370,Tulipan,2.7
Avenida,64,Calle,79,Calle,81,Avenida 64 entre Calle 79 y Calle 81,380,Tulipan,2.8
Avenida,64,Calle,83,Calle,85,Avenida 64 entre Calle 83 y Calle 85,380,Tulipan,2.8
Avenida,64,Calle,85,Calle,87,Avenida 64 entre Calle 85 y Calle 87,390,Tulipan,2.9
Avenida,64,Calle,87,Calle,89,Avenida 64 entre Calle 87 y Calle 89,400,Buena Vista,3
Avenida,64,Calle,89,Calle,91,Avenida 64 entre Calle 89 y Calle 91,410,Buena Vista,3.1
Avenida,64,Calle,97,Calle,97A,Avenida 64 entre Calle 97 y Calle 97A,420,Buena Vista,3.2
Avenida,64,Calle,97A,Calle,99,Avenida 64 entre Calle 97A y Calle 99,430,Buena Vista,3.3
Avenida,64,Calle,99,Calle,101,Avenida 64 entre Calle 99 y Calle 101,440,Buena Vista,3.4
Avenida,64,Calle,101,Calle,103,Avenida 64 entre Calle 101 y Calle 103,450,Buena Vista,3.5
Avenida,64,Calle,103,Calle,105,Avenida 64 entre Calle 103 y Calle 105,460,Buena Vista,3.6
Avenida,64,Calle,105,Calle,107,Avenida 64 entre Calle 105 y Calle 107,470,Buena Vista,3.7
Avenida,64,Calle,107,Calle,109,Avenida 64 entre Calle 107 y Calle 109,480,Buena Vista,3.8
Avenida,64,Calle,109,Calle,111,Avenida 64 entre Calle 109 y Calle 111,490,Buena Vista,3.9
Avenida,64,Calle,111,Calle,113,Avenida 64 entre Calle 111 y Calle 113,500,Buena Vista,4
Avenida,64,Calle,113,Calle,CIRCUNVALACION,Avenida 64 entre Calle 113 y Calle CIRCUNVALACION,510,Buena Vista,4.1
Avenida,64,Calle,115,Calle,117,Avenida 64 entre Calle 115 y Calle 117,590,Buena Vista,4.9
Avenida,64,Calle,117,Calle,119,Avenida 64 entre Calle 117 y Calle 119,600,Buena Vista,5
Avenida,64,Calle,119,Calle,121,Avenida 64 entre Calle 119 y Calle 121,610,Buena Vista,5.1
Avenida,64,Calle,121,Calle,121A,Avenida 64 entre Calle 121 y Calle 121A,620,Buena Vista,5.2
Avenida,64,Calle,121A,Calle,123,Avenida 64 entre Calle 121A y Calle 123,630,Buena Vista,5.3
Avenida,64,Calle,123,Calle,125,Avenida 64 entre Calle 123 y Calle 125,640,La esperanza,5.4
Avenida,64,Calle,125,Calle,127,Avenida 64 entre Calle 125 y Calle 127,650,La esperanza,5.5
Avenida,64,Calle,127,Calle,129,Avenida 64 entre Calle 127 y Calle 129,660,La esperanza,5.6
Avenida,64,Calle,129,Calle,133,Avenida 64 entre Calle 129 y Calle 133,670,La esperanza,5.7
Avenida,64,Calle,133,Calle,135,Avenida 64 entre Calle 133 y Calle 135,680,La esperanza,5.8
Avenida,64,Calle,A,Calle,B,Avenida 64 entre Calle A y Calle B,760,Caunao,7.2
Avenida,64,Calle,B,Calle,C,Avenida 64 entre Calle B y Calle C,755,Caunao,7.1
Avenida,64,Calle,C,Calle,D,Avenida 64 entre Calle C y Calle D,750,Caunao,7
Avenida,64,Calle,D,Calle,E,Avenida 64 entre Calle D y Calle E,745,Caunao,6.9
Avenida,64,Calle,E,Calle,F,Avenida 64 entre Calle E y Calle F,740,Caunao,6.8
Avenida,64,Calle,F,Calle,G,Avenida 64 entre Calle F y Calle G,735,Caunao,6.7
Avenida,64,Calle,A,Calle,CENTRAL,Avenida 64 entre Calle A y Calle CENTRAL,770,Caunao,7.4
Avenida,64,Calle,BAEZ,Calle,CENTRAL,Avenida 64 entre Calle BAEZ y Calle CENTRAL,775,Caunao,7.5
Avenida,64,Calle,POZO,Calle,BAEZ,Avenida 64 entre Calle POZO y Calle BAEZ,780,Caunao,7.6
Avenida,64,Calle,ALEGRIA,Calle,POZO,Avenida 64 entre Calle ALEGRIA y Calle POZO,785,Caunao,7.7
Avenida,64,Calle,VILLALOBOS,Calle,ALEGRIA,Avenida 64 entre Calle VILLALOBOS y Calle ALEGRIA,790,Caunao,7.8
Avenida,64,Calle,SAN JOSE ,Calle,ALEGRIA,Avenida 64 entre Calle SAN JOSE  y Calle ALEGRIA,795,Caunao,7.9
Avenida,64,Calle,COLON,Calle,SAN JOSE,Avenida 64 entre Calle COLON y Calle SAN JOSE,800,Caunao,8
Avenida,64,Calle,CASTILLO ,Calle,COLON,Avenida 64 entre Calle CASTILLO  y Calle COLON,805,Caunao,8.1
Avenida,64,Calle,ESTE ,Calle,CASTILLO,Avenida 64 entre Calle ESTE  y Calle CASTILLO,810,Caunao,8.2
Avenida,64,Calle,SAN JOAQUIN PALMA,Calle,ESTE,Avenida 64 entre Calle SAN JOAQUIN PALMA y Calle ESTE,815,Caunao,8.3
Avenida,CARRETERA CAUNAO,Calle,SAN JOAQUIN PALMA,Calle,PALMA,Avenida CARRETERA CAUNAO entre Calle SAN JOAQUIN PALMA y Calle PALMA,820,Caunao,8.4
Calle,1,Calle,POZO,Calle,Final,Calle 1 entre Calle POZO y Calle Final,785,Caunao,7.7
Calle,1,Calle,POZO,Calle,BAEZ,Calle 1 entre Calle POZO y Calle BAEZ,780,Caunao,7.6
Calle,1,Calle,BAEZ,Calle,CENTRAL,Calle 1 entre Calle BAEZ y Calle CENTRAL,775,Caunao,7.5
Calle,1,Calle,A,Calle,B,Calle 1 entre Calle A y Calle B,770,Caunao,7.4
Calle,1,Calle,B,Calle,C,Calle 1 entre Calle B y Calle C,765,Caunao,7.3
Calle,1,Calle,C,Calle,D,Calle 1 entre Calle C y Calle D,760,Caunao,7.2
Calle,1,Calle,D,Calle,E,Calle 1 entre Calle D y Calle E,755,Caunao,7.1
Calle,2,Calle,POZO,Calle,BAEZ,Calle 2 entre Calle POZO y Calle BAEZ,790,Caunao,7.8
Calle,2,Calle,BAEZ,Calle,CENTRAL,Calle 2 entre Calle BAEZ y Calle CENTRAL,785,Caunao,7.7
Calle,2,Calle,CENTRAL,Calle,LINEA,Calle 2 entre Calle CENTRAL y Calle LINEA,780,Caunao,7.6
Calle,2,Calle,LINEA,Calle,A,Calle 2 entre Calle LINEA y Calle A,780,Caunao,7.6
Calle,2,Calle,A,Calle,B,Calle 2 entre Calle A y Calle B,765,Caunao,7.3
Calle,2,Calle,B,Calle,C,Calle 2 entre Calle B y Calle C,760,Caunao,7.2
Calle,2,Calle,C,Calle,D,Calle 2 entre Calle C y Calle D,755,Caunao,7.1
Calle,2,Calle,D,Calle,E,Calle 2 entre Calle D y Calle E,750,Caunao,7
Calle,2,Calle,E,Calle,F,Calle 2 entre Calle E y Calle F,750,Caunao,7
Calle,2,Calle,F,Calle,G,Calle 2 entre Calle F y Calle G,745,Caunao,6.9
Calle,2,Calle,G,Calle,Final,Calle 2 entre Calle G y Calle Final,745,Caunao,6.9
Calle,LINEA,Calle,CENTRAL,Calle,2,Calle LINEA entre Calle CENTRAL y Calle 2,780,Caunao,7.6
Calle,LINEA,Calle,2,Calle,A,Calle LINEA entre Calle 2 y Calle A,785,Caunao,7.7
Calle,LINEA,Calle,A,Calle,B,Calle LINEA entre Calle A y Calle B,780,Caunao,7.6
Calle,3,Calle,BAEZ,Calle,CENTRAL,Calle 3 entre Calle BAEZ y Calle CENTRAL,785,Caunao,7.7
Calle,3,Calle,CENTRAL,Calle,Final,Calle 3 entre Calle CENTRAL y Calle Final,785,Caunao,7.7
Calle,3,Calle,B,Calle,C,Calle 3 entre Calle B y Calle C,765,Caunao,7.3
Calle,3,Calle,C,Calle,D,Calle 3 entre Calle C y Calle D,760,Caunao,7.2
Calle,3,Calle,D,Calle,E,Calle 3 entre Calle D y Calle E,760,Caunao,7.2
Calle,3,Calle,E,Calle,F,Calle 3 entre Calle E y Calle F,755,Caunao,7.1
Calle,3,Calle,F,Calle,G,Calle 3 entre Calle F y Calle G,750,Caunao,7
Calle,4,Calle,B,Calle,Final,Calle 4 entre Calle B y Calle Final,780,Caunao,7.6
Calle,4,Calle,B,Calle,C,Calle 4 entre Calle B y Calle C,765,Caunao,7.3
Calle,4,Calle,C,Calle,D,Calle 4 entre Calle C y Calle D,760,Caunao,7.2
Calle,4,Calle,D,Calle,E,Calle 4 entre Calle D y Calle E,760,Caunao,7.2
Calle,4,Calle,E,Calle,F,Calle 4 entre Calle E y Calle F,755,Caunao,7.1
Calle,4,Calle,F,Calle,G,Calle 4 entre Calle F y Calle G,755,Caunao,7.1
Calle,5,Calle,B,Calle,Final,Calle 5 entre Calle B y Calle Final,785,Caunao,7.7
Calle,5,Calle,B,Calle,C,Calle 5 entre Calle B y Calle C,770,Caunao,7.4
Calle,5,Calle,C,Calle,D,Calle 5 entre Calle C y Calle D,770,Caunao,7.4
Calle,5,Calle,D,Calle,E,Calle 5 entre Calle D y Calle E,765,Caunao,7.3
Calle,5,Calle,E,Calle,F,Calle 5 entre Calle E y Calle F,765,Caunao,7.3
Calle,5,Calle,F,Calle,G,Calle 5 entre Calle F y Calle G,760,Caunao,7.2
Calle,6,Calle,F,Calle,G,Calle 6 entre Calle F y Calle G,770,Caunao,7.4
Calle,7,Calle,D1,Calle,E,Calle 7 entre Calle D1 y Calle E,785,Caunao Sur,7.7
Calle,7,Calle,E,Calle,E1,Calle 7 entre Calle E y Calle E1,785,Caunao Sur,7.7
Calle,8,Calle,D1,Calle,E,Calle 8 entre Calle D1 y Calle E,785,Caunao Sur,7.7
Calle,8,Calle,E,Calle,E1,Calle 8 entre Calle E y Calle E1,785,Caunao Sur,7.7
Calle,8,Calle,E1,Calle,F,Calle 8 entre Calle E1 y Calle F,770,Caunao Sur,7.4
Calle,8,Calle,F,Calle,F1,Calle 8 entre Calle F y Calle F1,765,Caunao Sur,7.3
Calle,8,Calle,F1,Calle,F2,Calle 8 entre Calle F1 y Calle F2,760,Caunao Sur,7.2
Calle,8,Calle,F2,Calle,F3,Calle 8 entre Calle F2 y Calle F3,765,Caunao Sur,7.3
Calle,8,Calle,F3,Calle,G,Calle 8 entre Calle F3 y Calle G,760,Caunao Sur,7.2
Calle,9,Calle,D1,Calle,E,Calle 9 entre Calle D1 y Calle E,780,Caunao Sur,7.6
Calle,9,Calle,E,Calle,E1,Calle 9 entre Calle E y Calle E1,775,Caunao Sur,7.5
Calle,9,Calle,E1,Calle,F,Calle 9 entre Calle E1 y Calle F,770,Caunao Sur,7.4
Calle,9,Calle,F,Calle,F1,Calle 9 entre Calle F y Calle F1,765,Caunao Sur,7.3
Calle,9,Calle,F1,Calle,F2,Calle 9 entre Calle F1 y Calle F2,760,Caunao Sur,7.2
Calle,9,Calle,F2,Calle,F3,Calle 9 entre Calle F2 y Calle F3,760,Caunao Sur,7.2
Calle,9,Calle,F3,Calle,G,Calle 9 entre Calle F3 y Calle G,760,Caunao Sur,7.2
Calle,REAL,Calle,OESTE,Calle,MATADERO,Calle REAL entre Calle OESTE y Calle MATADERO,780,Caunao,7.6
Calle,REAL,Calle,MATADERO,Calle,ALEGRIA,Calle REAL entre Calle MATADERO y Calle ALEGRIA,785,Caunao,7.7
Calle,REAL,Calle,ALEGRIA ,Calle,VILLALOBOS,Calle REAL entre Calle ALEGRIA  y Calle VILLALOBOS,790,Caunao,7.8
Calle,REAL,Calle,OESTE,Calle,Final,Calle REAL entre Calle OESTE y Calle Final,780,Caunao,7.6
Calle,SAN MIGUEL,Calle,ALEGRIA ,Calle,VILLALOBOS,Calle SAN MIGUEL entre Calle ALEGRIA  y Calle VILLALOBOS,795,Caunao,7.9
Calle,PASEO,Avenida,64,Calle,REAL,Calle PASEO entre Avenida 64 y Calle REAL,785,Caunao,7.7
Calle,CIRUELA,Calle,ALEGRIA,Calle,VILLALOBOS,Calle CIRUELA entre Calle ALEGRIA y Calle VILLALOBOS,795,Caunao,7.9
Calle,SAN JOAQUIN,Calle,ALEGRIA,Calle,SAN JOSE,Calle SAN JOAQUIN entre Calle ALEGRIA y Calle SAN JOSE,805,Caunao,8.1
Calle,SAN JOAQUIN,Calle,SAN JOSE ,Calle,COLON,Calle SAN JOAQUIN entre Calle SAN JOSE  y Calle COLON,805,Caunao,8.1
Calle,SAN JOAQUIN,Calle,COLON,Calle,CASTILLO,Calle SAN JOAQUIN entre Calle COLON y Calle CASTILLO,810,Caunao,8.2
Calle,SAN JOAQUIN,Calle,CASTILLO ,Calle,ESTE,Calle SAN JOAQUIN entre Calle CASTILLO  y Calle ESTE,815,Caunao,8.3
Calle,PALMA,Calle,ALEGRIA,Calle,SAN JOSE,Calle PALMA entre Calle ALEGRIA y Calle SAN JOSE,810,Caunao,8.2
Calle,PALMA,Calle,SAN JOSE ,Calle,COLON,Calle PALMA entre Calle SAN JOSE  y Calle COLON,810,Caunao,8.2
Calle,PALMA,Calle,COLON,Calle,CASTILLO,Calle PALMA entre Calle COLON y Calle CASTILLO,815,Caunao,8.3
Calle,PALMA,Calle,CASTILLO ,Calle,ESTE,Calle PALMA entre Calle CASTILLO  y Calle ESTE,820,Caunao,8.4
Calle,PALMA,Calle,ESTE ,Avenida,64,Calle PALMA entre Calle ESTE  y Avenida 64,825,Caunao,8.5
Calle,SUR,Calle,CAMPO,Calle,MEDIO,Calle SUR entre Calle CAMPO y Calle MEDIO,815,Caunao,8.3
Calle,SUR,Calle,MEDIO,Calle,ALEGRIA,Calle SUR entre Calle MEDIO y Calle ALEGRIA,820,Caunao,8.4
Calle,SUR,Calle,ALEGRIA,Calle,SAN JOSE,Calle SUR entre Calle ALEGRIA y Calle SAN JOSE,815,Caunao,8.3
Calle,MIRAMONTE,Calle,CAMPO,Calle,SAN JOSE,Calle MIRAMONTE entre Calle CAMPO y Calle SAN JOSE,825,Caunao,8.5
Calle,PORTADA LA JOSEFA,Calle,PORTADA LA JOSEFA,Calle,PORTADA LA JOSEFA,Calle PORTADA LA JOSEFA entre Calle PORTADA LA JOSEFA y Calle PORTADA LA JOSEFA,830,Caunao,8.6
Calle,SAN JOAQUIN,Calle,ESTE ,Avenida,64,Calle SAN JOAQUIN entre Calle ESTE  y Avenida 64,820,Caunao,8.4
Avenida,CARRETERA CAUNAO,Calle,PALMA,Calle,CIRCUITO SUR,Avenida CARRETERA CAUNAO entre Calle PALMA y Calle CIRCUITO SUR,825,Caunao,8.5
Avenida,64A,Calle,51,Calle,53,Avenida 64A entre Calle 51 y Calle 53,240,Casco Historico,1.4
Avenida,64A,Calle,53,Calle,55,Avenida 64A entre Calle 53 y Calle 55,250,Casco Historico,1.5
Avenida,64A,Calle,55,Calle,57,Avenida 64A entre Calle 55 y Calle 57,250,Casco Historico,1.5
Avenida,64A,Calle,57,Calle,59,Avenida 64A entre Calle 57 y Calle 59,240,Casco Historico,1.4
Avenida,64A,Calle,59,Calle,61,Avenida 64A entre Calle 59 y Calle 61,230,Casco Historico,1.3
Avenida,64A,Calle,61,Calle,63,Avenida 64A entre Calle 61 y Calle 63,230,La Juanita,1.3
Avenida,64A,Calle,65,Calle,67,Avenida 64A entre Calle 65 y Calle 67,250,La Juanita,1.5
Avenida,64A,Calle,67,Calle,69,Avenida 64A entre Calle 67 y Calle 69,260,La Juanita,1.6
Avenida,64A,Calle,69,Calle,71,Avenida 64A entre Calle 69 y Calle 71,270,La Juanita,1.7
Avenida,64A,Calle,71,Calle,73,Avenida 64A entre Calle 71 y Calle 73,280,La Juanita,1.8
Avenida,64A,Calle,73,Calle,75,Avenida 64A entre Calle 73 y Calle 75,290,La Juanita,1.9
Avenida,64A,Calle,75,Calle,77,Avenida 64A entre Calle 75 y Calle 77,300,Tulipan,2
Avenida,64A,Calle,77,Calle,79,Avenida 64A entre Calle 77 y Calle 79,310,Tulipan,2.1
Avenida,64A,Calle,79,Calle,81,Avenida 64A entre Calle 79 y Calle 81,320,Tulipan,2.2
Avenida,64A,Calle,81,Calle,83,Avenida 64A entre Calle 81 y Calle 83,330,Tulipan,2.3
Avenida,64A,Calle,83,Calle,85,Avenida 64A entre Calle 83 y Calle 85,340,Tulipan,2.4
Avenida,64A,Calle,85,Calle,87,Avenida 64A entre Calle 85 y Calle 87,350,Tulipan,2.5
Avenida,64A,Calle,87,Calle,89,Avenida 64A entre Calle 87 y Calle 89,360,Tulipan,2.6
Avenida,64A,Calle,89,Calle,91,Avenida 64A entre Calle 89 y Calle 91,370,Tulipan,2.7
Avenida,64A,Calle,91,Calle,93,Avenida 64A entre Calle 91 y Calle 93,380,Tulipan,2.8
Calle,2 NE,Calle,45,Calle,47,Calle 2 NE entre Calle 45 y Calle 47,260,Casco Historico,1.6
Calle,2 NE,Calle,47,Calle,49,Calle 2 NE entre Calle 47 y Calle 49,250,Casco Historico,1.5
Calle,2 NE,Calle,49,Calle,51,Calle 2 NE entre Calle 49 y Calle 51,250,Casco Historico,1.5
Calle,2 NE,Calle,51,Calle,53,Calle 2 NE entre Calle 51 y Calle 53,250,Casco Historico,1.5
Calle,2 NE,Calle,53,Calle,55,Calle 2 NE entre Calle 53 y Calle 55,260,Casco Historico,1.6
Calle,2 NE,Calle,55,Calle,57,Calle 2 NE entre Calle 55 y Calle 57,270,Casco Historico,1.7
Calle,2 NE,Calle,57,Calle,59,Calle 2 NE entre Calle 57 y Calle 59,280,Casco Historico,1.8
Calle,2 NE,Calle,59,Calle,61,Calle 2 NE entre Calle 59 y Calle 61,280,Casco Historico,1.8
Calle,2 NE,Calle,61,Calle,63,Calle 2 NE entre Calle 61 y Calle 63,280,La Juanita,1.8
Calle,2 NE,Calle,83,Calle,85,Calle 2 NE entre Calle 83 y Calle 85,420,Tulipan,3.2
Calle,2 NE,Calle,85,Calle,87,Calle 2 NE entre Calle 85 y Calle 87,420,Tulipan,3.2
Calle,4 NE,Calle,47,Calle,49,Calle 4 NE entre Calle 47 y Calle 49,230,Casco Historico,1.3
Calle,4 NE,Calle,49,Calle,51,Calle 4 NE entre Calle 49 y Calle 51,230,Casco Historico,1.3
Calle,4 NE,Calle,51,Calle,53,Calle 4 NE entre Calle 51 y Calle 53,240,Casco Historico,1.4
Calle,4 NE,Calle,53,Calle,55,Calle 4 NE entre Calle 53 y Calle 55,250,Casco Historico,1.5
Calle,4 NE,Calle,55,Calle,57,Calle 4 NE entre Calle 55 y Calle 57,260,Casco Historico,1.6
Calle,4 NE,Calle,57,Calle,59,Calle 4 NE entre Calle 57 y Calle 59,280,Casco Historico,1.8
Calle,4 NE,Calle,59,Calle,61,Calle 4 NE entre Calle 59 y Calle 61,270,Casco Historico,1.7
Calle,4 NE,Calle,61,Calle,63,Calle 4 NE entre Calle 61 y Calle 63,270,La Juanita,1.7
Calle,4 NE,Calle,65,Calle,67,Calle 4 NE entre Calle 65 y Calle 67,280,La Juanita,1.8
Calle,4 NE,Calle,73,Calle,75,Calle 4 NE entre Calle 73 y Calle 75,350,La Juanita,2.5
Calle,4 NE,Calle,75,Calle,77,Calle 4 NE entre Calle 75 y Calle 77,360,Tulipan,2.6
Calle,4 NE,Calle,77,Calle,79,Calle 4 NE entre Calle 77 y Calle 79,370,Tulipan,2.7
Calle,4 NE,Calle,79,Calle,81,Calle 4 NE entre Calle 79 y Calle 81,380,Tulipan,2.8
Calle,4 NE,Calle,81,Calle,83,Calle 4 NE entre Calle 81 y Calle 83,390,Tulipan,2.9
Calle,4 NE,Calle,83,Calle,85,Calle 4 NE entre Calle 83 y Calle 85,400,Tulipan,3
Calle,4 NE,Calle,85,Calle,87,Calle 4 NE entre Calle 85 y Calle 87,410,Tulipan,3.1
Calle,4 NE,Calle,87,Calle,89,Calle 4 NE entre Calle 87 y Calle 89,420,Tulipan,3.2
Calle,4 NE,Calle,111,Calle,CIRCUNVALACION,Calle 4 NE entre Calle 111 y Calle CIRCUNVALACION,500,Tulipan,4
Calle,6 NE,Calle,53,Calle,55,Calle 6 NE entre Calle 53 y Calle 55,270,Casco Historico,1.7
Calle,6 NE,Calle,55,Calle,57,Calle 6 NE entre Calle 55 y Calle 57,280,Casco Historico,1.8
Calle,6 NE,Calle,57,Calle,59,Calle 6 NE entre Calle 57 y Calle 59,280,Casco Historico,1.8
Calle,6 NE,Calle,59,Calle,61,Calle 6 NE entre Calle 59 y Calle 61,270,Casco Historico,1.7
Calle,6 NE,Calle,61,Calle,63,Calle 6 NE entre Calle 61 y Calle 63,260,La Juanita,1.6
Calle,6 NE,Calle,63,Calle,65,Calle 6 NE entre Calle 63 y Calle 65,270,La Juanita,1.7
Calle,6 NE,Calle,65,Calle,67,Calle 6 NE entre Calle 65 y Calle 67,340,La Juanita,2.4
Calle,6 NE,Calle,73,Calle,75,Calle 6 NE entre Calle 73 y Calle 75,340,La Juanita,2.4
Calle,6 NE,Calle,75,Calle,77,Calle 6 NE entre Calle 75 y Calle 77,350,Tulipan,2.5
Calle,6 NE,Calle,77,Calle,79,Calle 6 NE entre Calle 77 y Calle 79,360,Tulipan,2.6
Calle,6 NE,Calle,79,Calle,81,Calle 6 NE entre Calle 79 y Calle 81,370,Tulipan,2.7
Calle,6 NE,Calle,81,Calle,85,Calle 6 NE entre Calle 81 y Calle 85,380,Tulipan,2.8
Calle,6 NE,Calle,85,Calle,87,Calle 6 NE entre Calle 85 y Calle 87,390,Tulipan,2.9
Calle,6 NE,Calle,87,Calle,89,Calle 6 NE entre Calle 87 y Calle 89,400,Tulipan,3
Calle,6 NE,Calle,99,Calle,101,Calle 6 NE entre Calle 99 y Calle 101,430,Tulipan,3.3
Calle,6 NE,Calle,101,Calle,103,Calle 6 NE entre Calle 101 y Calle 103,440,Tulipan,3.4
Calle,6 NE,Calle,111,Calle,CIRCUNVALACION,Calle 6 NE entre Calle 111 y Calle CIRCUNVALACION,490,Tulipan,3.9
Calle,8 NE,Calle,57,Calle,59,Calle 8 NE entre Calle 57 y Calle 59,260,La Juanita,1.6
Calle,8 NE,Calle,59,Calle,61,Calle 8 NE entre Calle 59 y Calle 61,250,La Juanita,1.5
Calle,8 NE,Calle,61,Calle,63,Calle 8 NE entre Calle 61 y Calle 63,250,La Juanita,1.5
Calle,8 NE,Calle,63,Calle,65,Calle 8 NE entre Calle 63 y Calle 65,260,La Juanita,1.6
Calle,8 NE,Calle,65,Calle,67,Calle 8 NE entre Calle 65 y Calle 67,260,La Juanita,1.6
Calle,8 NE,Calle,73,Calle,75,Calle 8 NE entre Calle 73 y Calle 75,330,La Juanita,2.3
Calle,8 NE,Calle,75,Calle,77,Calle 8 NE entre Calle 75 y Calle 77,340,Tulipan,2.4
Calle,8 NE,Calle,77,Calle,79,Calle 8 NE entre Calle 77 y Calle 79,350,Tulipan,2.5
Calle,8 NE,Calle,79,Calle,81,Calle 8 NE entre Calle 79 y Calle 81,360,Tulipan,2.6
Calle,8 NE,Calle,81,Calle,85,Calle 8 NE entre Calle 81 y Calle 85,370,Tulipan,2.7
Calle,8 NE,Calle,85,Calle,87,Calle 8 NE entre Calle 85 y Calle 87,380,Tulipan,2.8
Calle,8 NE,Calle,87,Calle,89,Calle 8 NE entre Calle 87 y Calle 89,390,Tulipan,2.9
Calle,8 NE,Calle,89,Calle,91,Calle 8 NE entre Calle 89 y Calle 91,400,Tulipan,3
Calle,8 NE,Calle,111,Calle,CIRCUNVALACION,Calle 8 NE entre Calle 111 y Calle CIRCUNVALACION,490,Tulipan,3.9
Calle,10 NE,Calle,63,Calle,65,Calle 10 NE entre Calle 63 y Calle 65,260,La Juanita,1.6
Calle,10 NE,Calle,71,Calle,73,Calle 10 NE entre Calle 71 y Calle 73,310,La Juanita,2.1
Calle,10 NE,Calle,73,Calle,75,Calle 10 NE entre Calle 73 y Calle 75,320,La Juanita,2.2
Calle,10 NE,Calle,75,Calle,77,Calle 10 NE entre Calle 75 y Calle 77,330,Tulipan,2.3
Calle,10 NE,Calle,77,Calle,79,Calle 10 NE entre Calle 77 y Calle 79,340,Tulipan,2.4
Calle,10 NE,Calle,79,Calle,81,Calle 10 NE entre Calle 79 y Calle 81,350,Tulipan,2.5
Calle,10 NE,Calle,85,Calle,87,Calle 10 NE entre Calle 85 y Calle 87,360,Tulipan,2.6
Calle,10 NE,Calle,87,Calle,89,Calle 10 NE entre Calle 87 y Calle 89,370,Tulipan,2.7
Calle,10 NE,Calle,89,Calle,93,Calle 10 NE entre Calle 89 y Calle 93,380,Tulipan,2.8
Calle,10 NE,Calle,99,Calle,101,Calle 10 NE entre Calle 99 y Calle 101,420,Tulipan,3.2
Calle,10 NE,Calle,101,Calle,103,Calle 10 NE entre Calle 101 y Calle 103,430,Tulipan,3.3
Calle,10 NE,Calle,103,Calle,105,Calle 10 NE entre Calle 103 y Calle 105,440,Tulipan,3.4
Calle,10 NE,Calle,105,Calle,107,Calle 10 NE entre Calle 105 y Calle 107,450,Tulipan,3.5
Calle,10 NE,Calle,107,Calle,109,Calle 10 NE entre Calle 107 y Calle 109,460,Tulipan,3.6
Calle,10 NE,Calle,109,Calle,111,Calle 10 NE entre Calle 109 y Calle 111,470,Tulipan,3.7
Calle,12 NE,Calle,67,Calle,71,Calle 12 NE entre Calle 67 y Calle 71,270,La Juanita,1.7
Calle,12 NE,Calle,71,Calle,73,Calle 12 NE entre Calle 71 y Calle 73,280,La Juanita,1.8
Calle,12 NE,Calle,73,Calle,75,Calle 12 NE entre Calle 73 y Calle 75,290,La Juanita,1.9
Calle,12 NE,Calle,75,Calle,77,Calle 12 NE entre Calle 75 y Calle 77,300,Tulipan,2
Calle,12 NE,Calle,77,Calle,79,Calle 12 NE entre Calle 77 y Calle 79,310,Tulipan,2.1
Calle,12 NE,Calle,79,Calle,81,Calle 12 NE entre Calle 79 y Calle 81,320,Tulipan,2.2
Calle,12 NE,Calle,81,Calle,85,Calle 12 NE entre Calle 81 y Calle 85,350,Tulipan,2.5
Calle,12 NE,Calle,85,Calle,87,Calle 12 NE entre Calle 85 y Calle 87,360,Tulipan,2.6
Calle,12 NE,Calle,87,Calle,89,Calle 12 NE entre Calle 87 y Calle 89,370,Tulipan,2.7
Calle,12 NE,Calle,89,Calle,93,Calle 12 NE entre Calle 89 y Calle 93,380,Tulipan,2.8
Calle,12 NE,Calle,93,Calle,97,Calle 12 NE entre Calle 93 y Calle 97,390,Tulipan,2.9
Calle,12 NE,Calle,97,Calle,99,Calle 12 NE entre Calle 97 y Calle 99,400,Tulipan,3
Calle,12 NE,Calle,99,Calle,101,Calle 12 NE entre Calle 99 y Calle 101,410,Tulipan,3.1
Calle,12 NE,Calle,101,Calle,103,Calle 12 NE entre Calle 101 y Calle 103,420,Tulipan,3.2
Calle,12 NE,Calle,103,Calle,105,Calle 12 NE entre Calle 103 y Calle 105,430,Tulipan,3.3
Calle,12 NE,Calle,105,Calle,107,Calle 12 NE entre Calle 105 y Calle 107,440,Tulipan,3.4
Calle,12 NE,Calle,107,Calle,109,Calle 12 NE entre Calle 107 y Calle 109,450,Tulipan,3.5
Calle,12 NE,Calle,109,Calle,119,Calle 12 NE entre Calle 109 y Calle 119,450,Tulipan,3.5
Calle,14 NE,Calle,64A,Calle,71,Calle 14 NE entre Calle 64A y Calle 71,290,La Juanita,1.9
Calle,14 NE,Calle,71,Calle,73,Calle 14 NE entre Calle 71 y Calle 73,290,La Juanita,1.9
Calle,14 NE,Calle,73,Calle,75,Calle 14 NE entre Calle 73 y Calle 75,300,La Juanita,2
Calle,14 NE,Calle,75,Calle,77,Calle 14 NE entre Calle 75 y Calle 77,310,Tulipan,2.1
Calle,14 NE,Calle,77,Calle,79,Calle 14 NE entre Calle 77 y Calle 79,320,Tulipan,2.2
Calle,14 NE,Calle,79,Calle,81,Calle 14 NE entre Calle 79 y Calle 81,330,Tulipan,2.3
Calle,14 NE,Calle,81,Calle,85,Calle 14 NE entre Calle 81 y Calle 85,340,Tulipan,2.4
Calle,14 NE,Calle,85,Calle,87,Calle 14 NE entre Calle 85 y Calle 87,350,Tulipan,2.5
Calle,14 NE,Calle,87,Calle,89,Calle 14 NE entre Calle 87 y Calle 89,360,Tulipan,2.6
Calle,14 NE,Calle,89,Calle,93,Calle 14 NE entre Calle 89 y Calle 93,370,Tulipan,2.7
Calle,14 NE,Calle,93,Calle,97,Calle 14 NE entre Calle 93 y Calle 97,380,Tulipan,2.8
Calle,14 NE,Calle,97,Calle,99,Calle 14 NE entre Calle 97 y Calle 99,390,Tulipan,2.9
Calle,16 NE ,Calle,64A,Calle,73,Calle 16 NE  entre Calle 64A y Calle 73,280,La Juanita,1.8
Calle,16 NE ,Calle,73,Calle,75,Calle 16 NE  entre Calle 73 y Calle 75,290,La Juanita,1.9
Calle,16 NE ,Calle,75,Calle,77,Calle 16 NE  entre Calle 75 y Calle 77,300,Tulipan,2
Calle,16 NE ,Calle,77,Calle,79,Calle 16 NE  entre Calle 77 y Calle 79,310,Tulipan,2.1
Calle,16 NE ,Calle,79,Calle,81,Calle 16 NE  entre Calle 79 y Calle 81,320,Tulipan,2.2
Calle,16 NE ,Calle,81,Calle,85,Calle 16 NE  entre Calle 81 y Calle 85,330,Tulipan,2.3
Calle,16 NE ,Calle,85,Calle,87,Calle 16 NE  entre Calle 85 y Calle 87,340,Tulipan,2.4
Calle,16 NE ,Calle,87,Calle,89,Calle 16 NE  entre Calle 87 y Calle 89,350,Tulipan,2.5
Calle,16 NE ,Calle,89,Calle,93,Calle 16 NE  entre Calle 89 y Calle 93,360,Tulipan,2.6
Calle,16 NE ,Calle,93,Calle,97,Calle 16 NE  entre Calle 93 y Calle 97,370,Tulipan,2.7
Calle,16 NE ,Calle,97,Calle,99,Calle 16 NE  entre Calle 97 y Calle 99,380,Tulipan,2.8
Calle,16 NE ,Calle,99,Calle,101,Calle 16 NE  entre Calle 99 y Calle 101,390,Tulipan,2.9
Calle,16 NE ,Calle,101,Calle,105,Calle 16 NE  entre Calle 101 y Calle 105,400,Tulipan,3
Calle,16 NE ,Calle,105,Calle,107,Calle 16 NE  entre Calle 105 y Calle 107,410,Tulipan,3.1
Calle,16 NE ,Calle,107,Calle,109,Calle 16 NE  entre Calle 107 y Calle 109,420,Tulipan,3.2
Calle,16 NE ,Calle,109,Calle,12 NE,Calle 16 NE  entre Calle 109 y Calle 12 NE,420,Tulipan,3.2
Calle,18 NE,Calle,75,Calle,77,Calle 18 NE entre Calle 75 y Calle 77,300,Tulipan,2
Calle,18 NE,Calle,77,Calle,79,Calle 18 NE entre Calle 77 y Calle 79,310,Tulipan,2.1
Calle,18 NE,Calle,79,Calle,81,Calle 18 NE entre Calle 79 y Calle 81,320,Tulipan,2.2
Calle,18 NE,Calle,81,Calle,85,Calle 18 NE entre Calle 81 y Calle 85,330,Tulipan,2.3
Calle,18 NE,Calle,85,Calle,87,Calle 18 NE entre Calle 85 y Calle 87,340,Tulipan,2.4
Calle,18 NE,Calle,87,Calle,89,Calle 18 NE entre Calle 87 y Calle 89,350,Tulipan,2.5
Calle,18 NE,Calle,89,Calle,93,Calle 18 NE entre Calle 89 y Calle 93,360,Tulipan,2.6
Calle,18 NE,Calle,93,Calle,97,Calle 18 NE entre Calle 93 y Calle 97,370,Tulipan,2.7
Calle,18 NE,Calle,97,Calle,99,Calle 18 NE entre Calle 97 y Calle 99,380,Tulipan,2.8
Calle,18 NE,Calle,99,Calle,101,Calle 18 NE entre Calle 99 y Calle 101,390,Tulipan,2.9
Calle,18 NE,Calle,101,Calle,103,Calle 18 NE entre Calle 101 y Calle 103,400,Tulipan,3
Calle,20 NE,Calle,64A,Calle,79,Calle 20 NE entre Calle 64A y Calle 79,320,Tulipan,2.2
Calle,20 NE,Calle,79,Calle,81,Calle 20 NE entre Calle 79 y Calle 81,330,Tulipan,2.3
Calle,20 NE,Calle,81,Calle,85,Calle 20 NE entre Calle 81 y Calle 85,340,Tulipan,2.4
Calle,20 NE,Calle,85,Calle,87,Calle 20 NE entre Calle 85 y Calle 87,350,Tulipan,2.5
Calle,20 NE,Calle,87,Calle,89,Calle 20 NE entre Calle 87 y Calle 89,360,Tulipan,2.6
Calle,20 NE,Calle,89,Calle,93,Calle 20 NE entre Calle 89 y Calle 93,370,Tulipan,2.7
Calle,20 NE,Calle,93,Calle,97,Calle 20 NE entre Calle 93 y Calle 97,380,Tulipan,2.8
Calle,20 NE,Calle,97,Calle,99,Calle 20 NE entre Calle 97 y Calle 99,390,Tulipan,2.9
Calle,20 NE,Calle,99,Calle,101,Calle 20 NE entre Calle 99 y Calle 101,400,Tulipan,3
Calle,22 NE,Calle,64A,Calle,81,Calle 22 NE entre Calle 64A y Calle 81,330,Tulipan,2.3
Calle,22 NE,Calle,81,Calle,85,Calle 22 NE entre Calle 81 y Calle 85,340,Tulipan,2.4
Calle,22 NE,Calle,85,Calle,87,Calle 22 NE entre Calle 85 y Calle 87,350,Tulipan,2.5
Calle,22 NE,Calle,87,Calle,89,Calle 22 NE entre Calle 87 y Calle 89,360,Tulipan,2.6
Calle,22 NE,Calle,89,Calle,93,Calle 22 NE entre Calle 89 y Calle 93,370,Tulipan,2.7
Calle,22 NE,Calle,93,Calle,97,Calle 22 NE entre Calle 93 y Calle 97,380,Tulipan,2.8
Calle,22 NE,Calle,97,Calle,99,Calle 22 NE entre Calle 97 y Calle 99,390,Tulipan,2.9
Calle,22 NE,Calle,99,Calle,101,Calle 22 NE entre Calle 99 y Calle 101,400,Tulipan,3
Calle,24 NE,Calle,85,Calle,87,Calle 24 NE entre Calle 85 y Calle 87,350,Tulipan,2.5
Calle,24 NE,Calle,87,Calle,89,Calle 24 NE entre Calle 87 y Calle 89,360,Tulipan,2.6
Calle,24 NE,Calle,89,Calle,93,Calle 24 NE entre Calle 89 y Calle 93,370,Tulipan,2.7
Calle,24 NE,Calle,93,Calle,97,Calle 24 NE entre Calle 93 y Calle 97,380,Tulipan,2.8
Calle,24 NE,Calle,97,Calle,99,Calle 24 NE entre Calle 97 y Calle 99,390,Tulipan,2.9
Calle,26 NE,Calle,64A,Calle,89,Calle 26 NE entre Calle 64A y Calle 89,360,Tulipan,2.6
Calle,26 NE,Calle,89,Calle,93,Calle 26 NE entre Calle 89 y Calle 93,370,Tulipan,2.7
Calle,26 NE,Calle,93,Calle,97,Calle 26 NE entre Calle 93 y Calle 97,380,Tulipan,2.8
Calle,26 NE,Calle,97,Calle,99,Calle 26 NE entre Calle 97 y Calle 99,390,Tulipan,2.9
Calle,28 NE,Calle,93,Calle,97,Calle 28 NE entre Calle 93 y Calle 97,390,Tulipan,2.9
Avenida,66,Calle,29,Calle,31,Avenida 66 entre Calle 29 y Calle 31,350,Punta Gotica,2.5
Avenida,66,Calle,31,Calle,33,Avenida 66 entre Calle 31 y Calle 33,340,Punta Gotica,2.4
Avenida,66,Calle,33,Calle,35,Avenida 66 entre Calle 33 y Calle 35,330,Punta Gotica,2.3
Avenida,66,Calle,35,Calle,37,Avenida 66 entre Calle 35 y Calle 37,320,Punta Gotica,2.2
Avenida,66,Calle,37,Calle,39,Avenida 66 entre Calle 37 y Calle 39,290,San Lazaro,1.9
Avenida,66,Calle,39,Calle,41,Avenida 66 entre Calle 39 y Calle 41,280,San Lazaro,1.8
Avenida,66,Calle,41,Calle,45,Avenida 66 entre Calle 41 y Calle 45,270,San Lazaro,1.7
Avenida,66,Calle,45,Calle,47,Avenida 66 entre Calle 45 y Calle 47,260,San Lazaro,1.6
Avenida,66,Calle,47,Calle,49,Avenida 66 entre Calle 47 y Calle 49,250,San Lazaro,1.5
Avenida,66,Calle,49,Calle,51,Avenida 66 entre Calle 49 y Calle 51,260,San Lazaro,1.6
Avenida,66,Calle,51,Calle,53,Avenida 66 entre Calle 51 y Calle 53,270,San Lazaro,1.7
Avenida,66,Calle,53,Calle,55,Avenida 66 entre Calle 53 y Calle 55,280,San Lazaro,1.8
Avenida,66,Calle,59,Calle,61,Avenida 66 entre Calle 59 y Calle 61,310,San Lazaro,2.1
Avenida,66,Calle,61,Calle,63,Avenida 66 entre Calle 61 y Calle 63,320,Pueblo Grifo,2.2
Avenida,66,Calle,87,Calle,89,Avenida 66 entre Calle 87 y Calle 89,460,Buena vista,3.6
Avenida,66,Calle,89,Calle,97,Avenida 66 entre Calle 89 y Calle 97,470,Buena vista,3.7
Avenida,66,Calle,97,Calle,99,Avenida 66 entre Calle 97 y Calle 99,480,Buena vista,3.8
Avenida,66,Calle,99,Calle,101,Avenida 66 entre Calle 99 y Calle 101,490,Buena vista,3.9
Avenida,66,Calle,101,Calle,103,Avenida 66 entre Calle 101 y Calle 103,500,Buena vista,4
Avenida,66,Calle,103,Calle,105,Avenida 66 entre Calle 103 y Calle 105,510,Buena vista,4.1
Avenida,66,Calle,105,Calle,107,Avenida 66 entre Calle 105 y Calle 107,520,Buena vista,4.2
Avenida,66,Calle,107,Calle,109,Avenida 66 entre Calle 107 y Calle 109,530,Buena vista,4.3
Avenida,66,Calle,109,Calle,111,Avenida 66 entre Calle 109 y Calle 111,540,Buena vista,4.4
Avenida,66,Calle,111,Calle,113,Avenida 66 entre Calle 111 y Calle 113,550,Buena vista,4.5
Avenida,66,Calle,113,Calle,CIRCUNVALACION,Avenida 66 entre Calle 113 y Calle CIRCUNVALACION,560,Buena vista,4.6
Avenida,66,Calle,CIRCUNVALACION,Calle,115,Avenida 66 entre Calle CIRCUNVALACION y Calle 115,600,Buena vista,5
Avenida,66,Calle,115,Calle,117,Avenida 66 entre Calle 115 y Calle 117,610,Buena vista,5.1
Avenida,66,Calle,117,Calle,119,Avenida 66 entre Calle 117 y Calle 119,620,Buena vista,5.2
Avenida,66,Calle,119,Calle,121,Avenida 66 entre Calle 119 y Calle 121,620,Buena vista,5.2
Avenida,66,Calle,123,Calle,125,Avenida 66 entre Calle 123 y Calle 125,670,La Esperanza,5.7
Avenida,66,Calle,125,Calle,127,Avenida 66 entre Calle 125 y Calle 127,680,La Esperanza,5.8
Avenida,66,Calle,127,Calle,129,Avenida 66 entre Calle 127 y Calle 129,690,La Esperanza,5.9
Avenida,66,Calle,129,Calle,131,Avenida 66 entre Calle 129 y Calle 131,700,La Esperanza,6
Avenida,66,Calle,131,Calle,133,Avenida 66 entre Calle 131 y Calle 133,705,La Esperanza,6.1
Avenida,68,Calle,29,Calle,31,Avenida 68 entre Calle 29 y Calle 31,340,Punta Gotica,2.4
Avenida,68,Calle,31,Calle,33,Avenida 68 entre Calle 31 y Calle 33,330,Punta Gotica,2.3
Avenida,68,Calle,33,Calle,35,Avenida 68 entre Calle 33 y Calle 35,320,Punta Gotica,2.2
Avenida,68,Calle,35,Calle,37,Avenida 68 entre Calle 35 y Calle 37,310,Punta Gotica,2.1
Avenida,68,Calle,37,Calle,39,Avenida 68 entre Calle 37 y Calle 39,300,Punta Gotica,2
Avenida,68,Calle,39,Calle,41,Avenida 68 entre Calle 39 y Calle 41,290,San Lazaro,1.9
Avenida,68,Calle,41,Calle,45,Avenida 68 entre Calle 41 y Calle 45,280,San Lazaro,1.8
Avenida,68,Calle,45,Calle,47,Avenida 68 entre Calle 45 y Calle 47,280,San Lazaro,1.8
Avenida,68,Calle,47,Calle,49,Avenida 68 entre Calle 47 y Calle 49,270,San Lazaro,1.7
Avenida,68,Calle,49,Calle,51,Avenida 68 entre Calle 49 y Calle 51,270,San Lazaro,1.7
Avenida,68,Calle,51,Calle,53,Avenida 68 entre Calle 51 y Calle 53,280,San Lazaro,1.8
Avenida,68,Calle,53,Calle,55,Avenida 68 entre Calle 53 y Calle 55,290,San Lazaro,1.9
Avenida,68,Calle,57,Calle,59,Avenida 68 entre Calle 57 y Calle 59,330,San Lazaro,2.3
Avenida,68,Calle,59,Calle,61,Avenida 68 entre Calle 59 y Calle 61,320,San Lazaro,2.2
Avenida,68,Calle,61,Calle,63,Avenida 68 entre Calle 61 y Calle 63,310,Pueblo Grifo,2.1
Avenida,68,Calle,87,Calle,89,Avenida 68 entre Calle 87 y Calle 89,450,Buena vista,3.5
Avenida,68,Calle,89,Calle,97,Avenida 68 entre Calle 89 y Calle 97,460,Buena vista,3.6
Avenida,68,Calle,97,Calle,99,Avenida 68 entre Calle 97 y Calle 99,470,Buena vista,3.7
Avenida,68,Calle,99,Calle,101,Avenida 68 entre Calle 99 y Calle 101,480,Buena vista,3.8
Avenida,68,Calle,101,Calle,103,Avenida 68 entre Calle 101 y Calle 103,490,Buena vista,3.9
Avenida,68,Calle,103,Calle,105,Avenida 68 entre Calle 103 y Calle 105,500,Buena vista,4
Avenida,68,Calle,105,Calle,107,Avenida 68 entre Calle 105 y Calle 107,510,Buena vista,4.1
Avenida,68,Calle,107,Calle,109,Avenida 68 entre Calle 107 y Calle 109,520,Buena vista,4.2
Avenida,68,Calle,109,Calle,111,Avenida 68 entre Calle 109 y Calle 111,530,Buena vista,4.3
Avenida,68,Calle,111,Calle,113,Avenida 68 entre Calle 111 y Calle 113,540,Buena vista,4.4
Avenida,68,Calle,CIRCUNVALACION,Calle,115,Avenida 68 entre Calle CIRCUNVALACION y Calle 115,610,Buena vista,5.1
Avenida,68,Calle,115,Calle,117,Avenida 68 entre Calle 115 y Calle 117,620,Buena vista,5.2
Avenida,68,Calle,117,Calle,119,Avenida 68 entre Calle 117 y Calle 119,630,Buena vista,5.3
Avenida,68,Calle,119,Calle,121,Avenida 68 entre Calle 119 y Calle 121,640,Buena vista,5.4
Avenida,68,Calle,123,Calle,125,Avenida 68 entre Calle 123 y Calle 125,680,La Esperanza,5.8
Avenida,68,Calle,125,Calle,127,Avenida 68 entre Calle 125 y Calle 127,690,La Esperanza,5.9
Avenida,68,Calle,127,Calle,129,Avenida 68 entre Calle 127 y Calle 129,700,La Esperanza,6
Avenida,68,Calle,129,Calle,131,Avenida 68 entre Calle 129 y Calle 131,700,La Esperanza,6
Avenida,68,Calle,131,Calle,133,Avenida 68 entre Calle 131 y Calle 133,700,La Esperanza,6
Avenida,68A,Calle,57,Calle,57A,Avenida 68A entre Calle 57 y Calle 57A,340,Pueblo Grifo,2.4
Avenida,68A,Calle,57A,Calle,59,Avenida 68A entre Calle 57A y Calle 59,330,Pueblo Grifo,2.3
Avenida,70,Calle,31,Calle,33,Avenida 70 entre Calle 31 y Calle 33,330,Punta Gotica,2.3
Avenida,70,Calle,33,Calle,35,Avenida 70 entre Calle 33 y Calle 35,320,Punta Gotica,2.2
Avenida,70,Calle,35,Calle,37,Avenida 70 entre Calle 35 y Calle 37,310,Punta Gotica,2.1
Avenida,70,Calle,37,Calle,39,Avenida 70 entre Calle 37 y Calle 39,300,San Lazaro,2
Avenida,70,Calle,39,Calle,41,Avenida 70 entre Calle 39 y Calle 41,290,San Lazaro,1.9
Avenida,70,Calle,41,Calle,45,Avenida 70 entre Calle 41 y Calle 45,290,San Lazaro,1.9
Avenida,70,Calle,45,Calle,49,Avenida 70 entre Calle 45 y Calle 49,280,San Lazaro,1.8
Avenida,70,Calle,49,Calle,51,Avenida 70 entre Calle 49 y Calle 51,280,San Lazaro,1.8
Avenida,70,Calle,57,Calle,57A,Avenida 70 entre Calle 57 y Calle 57A,330,San Lazaro,2.3
Avenida,70,Calle,57A,Calle,59,Avenida 70 entre Calle 57A y Calle 59,320,San Lazaro,2.2
Avenida,70,Calle,59,Calle,61,Avenida 70 entre Calle 59 y Calle 61,310,San Lazaro,2.1
Avenida,70,Calle,61,Calle,63,Avenida 70 entre Calle 61 y Calle 63,330,Pueblo Grifo,2.3
Avenida,70,Calle,63,Calle,65A,Avenida 70 entre Calle 63 y Calle 65A,330,Pueblo Grifo,2.3
Avenida,70,Calle,65A,Calle,67,Avenida 70 entre Calle 65A y Calle 67,340,Pueblo Grifo,2.4
Avenida,70,Calle,67,Calle,69,Avenida 70 entre Calle 67 y Calle 69,350,Pueblo Grifo,2.5
Avenida,70,Calle,83A,Calle,87,Avenida 70 entre Calle 83A y Calle 87,480,Buena vista,3.8
Avenida,70,Calle,87,Calle,89,Avenida 70 entre Calle 87 y Calle 89,480,Buena vista,3.8
Avenida,70,Calle,89,Calle,97,Avenida 70 entre Calle 89 y Calle 97,490,Buena vista,3.9
Avenida,70,Calle,97,Calle,99,Avenida 70 entre Calle 97 y Calle 99,500,Buena vista,4
Avenida,70,Calle,99,Calle,101,Avenida 70 entre Calle 99 y Calle 101,510,Buena vista,4.1
Avenida,70,Calle,101,Calle,103,Avenida 70 entre Calle 101 y Calle 103,520,Buena vista,4.2
Avenida,70,Calle,103,Calle,105,Avenida 70 entre Calle 103 y Calle 105,530,Buena vista,4.3
Avenida,70,Calle,105,Calle,107,Avenida 70 entre Calle 105 y Calle 107,540,Buena vista,4.4
Avenida,70,Calle,113,Calle,115,Avenida 70 entre Calle 113 y Calle 115,620,Buena vista,5.2
Avenida,70,Calle,123,Calle,125,Avenida 70 entre Calle 123 y Calle 125,690,La Esperanza,5.9
Avenida,70,Calle,125,Calle,127,Avenida 70 entre Calle 125 y Calle 127,700,La Esperanza,6
Avenida,70,Calle,127,Calle,129,Avenida 70 entre Calle 127 y Calle 129,705,La Esperanza,6.1
Avenida,70,Calle,129,Calle,131,Avenida 70 entre Calle 129 y Calle 131,710,La Esperanza,6.2
Avenida,72,Calle,31,Calle,33,Avenida 72 entre Calle 31 y Calle 33,350,Punta Gotica,2.5
Avenida,72,Calle,33,Calle,35,Avenida 72 entre Calle 33 y Calle 35,340,Punta Gotica,2.4
Avenida,72,Calle,35,Calle,37,Avenida 72 entre Calle 35 y Calle 37,330,Punta Gotica,2.3
Avenida,72,Calle,37,Calle,37A,Avenida 72 entre Calle 37 y Calle 37A,320,San Lazaro,2.2
Avenida,72,Calle,37A,Calle,39,Avenida 72 entre Calle 37A y Calle 39,310,San Lazaro,2.1
Avenida,72,Calle,39,Calle,45,Avenida 72 entre Calle 39 y Calle 45,300,San Lazaro,2
Avenida,72,Calle,45,Calle,49,Avenida 72 entre Calle 45 y Calle 49,290,San Lazaro,1.9
Avenida,72,Calle,49,Calle,51,Avenida 72 entre Calle 49 y Calle 51,290,San Lazaro,1.9
Avenida,72,Calle,51,Calle,53,Avenida 72 entre Calle 51 y Calle 53,300,San Lazaro,2
Avenida,72,Calle,53,Calle,55,Avenida 72 entre Calle 53 y Calle 55,310,San Lazaro,2.1
Avenida,72,Calle,55,Calle,57,Avenida 72 entre Calle 55 y Calle 57,320,San Lazaro,2.2
Avenida,72,Calle,57,Calle,59,Avenida 72 entre Calle 57 y Calle 59,330,San Lazaro,2.3
Avenida,72,Calle,59,Calle,61,Avenida 72 entre Calle 59 y Calle 61,340,San Lazaro,2.4
Avenida,72,Calle,61,Calle,63,Avenida 72 entre Calle 61 y Calle 63,350,Pueblo Grifo,2.5
Avenida,72,Calle,63,Calle,65,Avenida 72 entre Calle 63 y Calle 65,340,Pueblo Grifo,2.4
Avenida,72,Calle,65,Calle,65A,Avenida 72 entre Calle 65 y Calle 65A,340,Pueblo Grifo,2.4
Avenida,72,Calle,65A,Calle,67,Avenida 72 entre Calle 65A y Calle 67,350,Pueblo Grifo,2.5
Avenida,72,Calle,67,Calle,69,Avenida 72 entre Calle 67 y Calle 69,360,Pueblo Grifo,2.6
Avenida,72,Calle,69,Calle,71,Avenida 72 entre Calle 69 y Calle 71,370,Pueblo Grifo,2.7
Avenida,72,Calle,71,Calle,73,Avenida 72 entre Calle 71 y Calle 73,380,Pueblo Grifo,2.8
Avenida,72,Calle,73,Calle,75,Avenida 72 entre Calle 73 y Calle 75,390,Pueblo Grifo,2.9
Avenida,72,Calle,75,Calle,77,Avenida 72 entre Calle 75 y Calle 77,400,Pueblo Grifo,3
Avenida,72,Calle,77,Calle,79,Avenida 72 entre Calle 77 y Calle 79,410,Pueblo Grifo,3.1
Avenida,72,Calle,79,Calle,81,Avenida 72 entre Calle 79 y Calle 81,420,Pueblo Grifo,3.2
Avenida,72,Calle,81,Calle,83,Avenida 72 entre Calle 81 y Calle 83,430,Pueblo Grifo,3.3
Avenida,72,Calle,83,Calle,85,Avenida 72 entre Calle 83 y Calle 85,440,Pueblo Grifo,3.4
Avenida,72,Calle,85,Calle,87,Avenida 72 entre Calle 85 y Calle 87,450,Pueblo Grifo,3.5
Avenida,72,Calle,87,Calle,89,Avenida 72 entre Calle 87 y Calle 89,460,Pueblo Grifo,3.6
Avenida,72,Calle,89,Calle,CIRCUNVALACION,Avenida 72 entre Calle 89 y Calle CIRCUNVALACION,440,Pueblo Grifo,3.4
Avenida,72,Calle,83A,Calle,89,Avenida 72 entre Calle 83A y Calle 89,500,Buena vista,4
Avenida,72,Calle,89,Calle,97,Avenida 72 entre Calle 89 y Calle 97,500,Buena vista,4
Avenida,72,Calle,97,Calle,99,Avenida 72 entre Calle 97 y Calle 99,510,Buena vista,4.1
Avenida,72,Calle,99,Calle,101,Avenida 72 entre Calle 99 y Calle 101,520,Buena vista,4.2
Avenida,72,Calle,101,Calle,103,Avenida 72 entre Calle 101 y Calle 103,530,Buena vista,4.3
Avenida,72,Calle,103,Calle,105,Avenida 72 entre Calle 103 y Calle 105,540,Buena vista,4.4
Avenida,74,Calle,31,Calle,33,Avenida 74 entre Calle 31 y Calle 33,360,Punta Gotica,2.6
Avenida,74,Calle,37,Calle,37A,Avenida 74 entre Calle 37 y Calle 37A,310,San Lazaro,2.1
Avenida,74,Calle,37A,Calle,39,Avenida 74 entre Calle 37A y Calle 39,310,San Lazaro,2.1
Avenida,74,Calle,39,Calle,45,Avenida 74 entre Calle 39 y Calle 45,310,San Lazaro,2.1
Avenida,74,Calle,45,Calle,49,Avenida 74 entre Calle 45 y Calle 49,300,San Lazaro,2
Avenida,74,Calle,49,Calle,51,Avenida 74 entre Calle 49 y Calle 51,300,San Lazaro,2
Avenida,74,Calle,51,Calle,53,Avenida 74 entre Calle 51 y Calle 53,310,San Lazaro,2.1
Avenida,74,Calle,53,Calle,55,Avenida 74 entre Calle 53 y Calle 55,320,San Lazaro,2.2
Avenida,74,Calle,55,Calle,57,Avenida 74 entre Calle 55 y Calle 57,330,San Lazaro,2.3
Avenida,74,Calle,57,Calle,59,Avenida 74 entre Calle 57 y Calle 59,340,San Lazaro,2.4
Avenida,74,Calle,59,Calle,63,Avenida 74 entre Calle 59 y Calle 63,350,San Lazaro,2.5
Avenida,74,Calle,63,Calle,65,Avenida 74 entre Calle 63 y Calle 65,360,Pueblo Grifo,2.6
Avenida,74,Calle,67,Calle,69,Avenida 74 entre Calle 67 y Calle 69,380,Pueblo Grifo,2.8
Avenida,74,Calle,97,Calle,99,Avenida 74 entre Calle 97 y Calle 99,520,Buena vista,4.2
Avenida,74,Calle,99,Calle,99A,Avenida 74 entre Calle 99 y Calle 99A,530,Buena vista,4.3
Avenida,74,Calle,99A,Calle,101,Avenida 74 entre Calle 99A y Calle 101,540,Buena vista,4.4
Avenida,74,Calle,101,Calle,CIRCUNVALACION,Avenida 74 entre Calle 101 y Calle CIRCUNVALACION,550,Buena vista,4.5
Avenida,76,Calle,49,Calle,51,Avenida 76 entre Calle 49 y Calle 51,310,San Lazaro,2.1
Avenida,76,Calle,51,Calle,53,Avenida 76 entre Calle 51 y Calle 53,320,San Lazaro,2.2
Avenida,76,Calle,55,Calle,57,Avenida 76 entre Calle 55 y Calle 57,340,San Lazaro,2.4
Avenida,76,Calle,63,Calle,65,Avenida 76 entre Calle 63 y Calle 65,360,Pueblo Grifo,2.6
Avenida,76,Calle,83A,Calle,89,Avenida 76 entre Calle 83A y Calle 89,510,Buena vista,4.1
Avenida,76,Calle,89,Calle,99,Avenida 76 entre Calle 89 y Calle 99,520,Buena vista,4.2
Avenida,76,Calle,99,Calle,99A,Avenida 76 entre Calle 99 y Calle 99A,530,Buena vista,4.3
Avenida,76,Calle,99A,Calle,CIRCUNVALACION,Avenida 76 entre Calle 99A y Calle CIRCUNVALACION,540,Buena vista,4.4
Avenida,78,Calle,63,Calle,65,Avenida 78 entre Calle 63 y Calle 65,370,Pueblo Grifo,2.7
Avenida,78,Calle,65,Calle,67,Avenida 78 entre Calle 65 y Calle 67,380,Pueblo Grifo,2.8
Avenida,78,Calle,67,Calle,69,Avenida 78 entre Calle 67 y Calle 69,390,Pueblo Grifo,2.9
Avenida,78,Calle,69,Calle,71,Avenida 78 entre Calle 69 y Calle 71,400,Pueblo Grifo,3
Avenida,UNIDAD TMC,Calle,UNIDAD TMC,Calle,UNIDAD TMC,Avenida UNIDAD TMC entre Calle UNIDAD TMC y Calle UNIDAD TMC,440,Pueblo Grifo,3.4
Avenida,78A,Calle,63,Calle,65,Avenida 78A entre Calle 63 y Calle 65,390,Pueblo Grifo,2.9
Avenida,78A,Calle,65,Calle,69,Avenida 78A entre Calle 65 y Calle 69,400,Pueblo Grifo,3
Avenida,78A,Calle,69,Calle,71,Avenida 78A entre Calle 69 y Calle 71,410,Pueblo Grifo,3.1
Avenida,78A,Calle,71,Calle,CIRCUNVALACION,Avenida 78A entre Calle 71 y Calle CIRCUNVALACION,440,Pueblo Grifo,3.4
Avenida,80,Calle,63,Calle,65,Avenida 80 entre Calle 63 y Calle 65,410,Pueblo Grifo,3.1
Avenida,80,Calle,65,Calle,69,Avenida 80 entre Calle 65 y Calle 69,420,Pueblo Grifo,3.2
Avenida,82,Calle,35,Calle,82A,Avenida 82 entre Calle 35 y Calle 82A,520,Pastorita,4.2
Avenida,82,Calle,33,Avenida,82A,Avenida 82 entre Calle 33 y Avenida 82A,510,Pastorita,4.1
Avenida,82,Calle,33,Calle,35,Avenida 82 entre Calle 33 y Calle 35,510,Pastorita,4.1
Avenida,82A,Calle,82,Calle,27,Avenida 82A entre Calle 82 y Calle 27,540,Pastorita,4.4
Avenida,82B,Calle,25,Calle,27,Avenida 82B entre Calle 25 y Calle 27,560,Pastorita,4.6
Avenida,84,Calle,31,Calle,33A,Avenida 84 entre Calle 31 y Calle 33A,540,Pastorita,4.4
Avenida,84,Calle,33A,Calle,33,Avenida 84 entre Calle 33A y Calle 33,530,Pastorita,4.3
Avenida,84A,Calle,29,Calle,31,Avenida 84A entre Calle 29 y Calle 31,560,Pastorita,4.6
Avenida,86,Calle,31,Calle,33A,Avenida 86 entre Calle 31 y Calle 33A,550,Pastorita,4.5
Avenida,86,Calle,33A,Calle,35,Avenida 86 entre Calle 33A y Calle 35,540,Pastorita,4.4
Avenida,88,Calle,31,Calle,35,Avenida 88 entre Calle 31 y Calle 35,560,Pastorita,4.6
Avenida,90,Calle,29,Calle,31,Avenida 90 entre Calle 29 y Calle 31,590,Pastorita,4.9
Avenida,90,Calle,31,Calle,35,Avenida 90 entre Calle 31 y Calle 35,570,Pastorita,4.7
Avenida,vial universidad,Calle,modulos,Calle,jose gregorio,Avenida vial universidad entre Calle modulos y Calle jose gregorio,610,Pastorita,5.1
Avenida,VIAL UNIVERSIDAD,Calle,VIAL UNIVERSIDAD,Calle,VIAL UNIVERSIDAD,Avenida VIAL UNIVERSIDAD entre Calle VIAL UNIVERSIDAD y Calle VIAL UNIVERSIDAD,570,Vial Universidad,4.7
Avenida,PEDIATRICO,Calle,PEDIATRICO,Calle,PEDIATRICO,Avenida PEDIATRICO entre Calle PEDIATRICO y Calle PEDIATRICO,200,Pediatrico,0.9
Avenida,CIENCIAS MEDICAS,Calle,CIENCIAS MEDICAS,Calle,CIENCIAS MEDICAS,Avenida CIENCIAS MEDICAS entre Calle CIENCIAS MEDICAS y Calle CIENCIAS MEDICAS,200,Ciencias Medicas,0.9
Avenida,HOSPITAL,Calle,HOSPITAL,Calle,HOSPITAL,Avenida HOSPITAL entre Calle HOSPITAL y Calle HOSPITAL,200,Hospital,
Avenida,PUNTA LA CUEVA,Calle,PUNTA LA CUEVA,Calle,PUNTA LA CUEVA,Avenida PUNTA LA CUEVA entre Calle PUNTA LA CUEVA y Calle PUNTA LA CUEVA,650,Punta la Cueva,5.5
Calle,Casa verde,Calle,Casa verde,Calle,Casa verde,Calle Casa verde entre Calle Casa verde y Calle Casa verde,430,Punta Gorda,3.3
Calle,Club cienfuegos,Calle,Club cienfuegos,Calle,Club cienfuegos,Calle Club cienfuegos entre Calle Club cienfuegos y Calle Club cienfuegos,370,Punta Gorda,2.7
Calle,Policlinico pueblo grifo,Calle,Policlinico pueblo grifo,Calle,Policlinico pueblo grifo,Calle Policlinico pueblo grifo entre Calle Policlinico pueblo grifo y Calle Policlinico pueblo grifo,440,Pueblo Grifo,3.4
Calle,Policlinico pastorita,Calle,Policlinico pastorita,Calle,Policlinico pastorita,Calle Policlinico pastorita entre Calle Policlinico pastorita y Calle Policlinico pastorita,470,Pastorita,3.7
Calle,Fregadora de carros junco sur,Calle,Fregadora de carros junco sur,Calle,Fregadora de carros junco sur,Calle Fregadora de carros junco sur entre Calle Fregadora de carros junco sur y Calle Fregadora de carros junco sur,220,Junco Sur,1.2
Calle,12 planta pueblo griffo,Calle,12 planta pueblo griffo,Calle,12 planta pueblo griffo,Calle 12 planta pueblo griffo entre Calle 12 planta pueblo griffo y Calle 12 planta pueblo griffo,400,Pueblo Grifo,3
Calle,Caribe,Calle,Caribe,Calle,Caribe,Calle Caribe entre Calle Caribe y Calle Caribe,430,Punta Gorda,3.3
Calle,Hotel union,Calle,Hotel union,Calle,Hotel union,Calle Hotel union entre Calle Hotel union y Calle Hotel union,280,Casco Historico,1.8
Calle,Español,Calle,Español,Calle,Español,Calle Español entre Calle Español y Calle Español,260,Casco Historico,1.6
Calle,Bar rojo,Calle,Bar rojo,Calle,Bar rojo,Calle Bar rojo entre Calle Bar rojo y Calle Bar rojo,220,Casco Historico,1.2
Calle,2212,Calle,2212,Calle,2212,Calle 2212 entre Calle 2212 y Calle 2212,270,Casco Historico,1.7
Calle,Guajo,Calle,Guajo,Calle,Guajo,Calle Guajo entre Calle Guajo y Calle Guajo,270,Casco Historico,1.7
Calle,Materno punta gorda,Calle,Materno punta gorda,Calle,Materno punta gorda,Calle Materno punta gorda entre Calle Materno punta gorda y Calle Materno punta gorda,300,Punta Gorda,2
Calle,Cupet calzada,Calle,Cupet calzada,Calle,Cupet calzada,Calle Cupet calzada entre Calle Cupet calzada y Calle Cupet calzada,270,San Lazaro,1.7
Calle,Cupet Trebol,Calle,Cupet Trebol,Calle,Cupet Trebol,Calle Cupet Trebol entre Calle Cupet Trebol y Calle Cupet Trebol,580,Pastorita,4.8
Calle,Cupet pueblo griffo,Calle,Cupet pueblo griffo,Calle,Cupet pueblo griffo,Calle Cupet pueblo griffo entre Calle Cupet pueblo griffo y Calle Cupet pueblo griffo,380,Pueblo Grifo,2.8
Calle,Cupet punta gorda,Calle,Cupet punta gorda,Calle,Cupet punta gorda,Calle Cupet punta gorda entre Calle Cupet punta gorda y Calle Cupet punta gorda,310,Punta Gorda,2.1
Calle,Pabellones PPU,Calle,Pabellones PPU,Calle,Pabellones PPU,Calle Pabellones PPU entre Calle Pabellones PPU y Calle Pabellones PPU,200,Casco Historico,0.8
Calle,Taller de ambulancia ppu,Calle,Taller de ambulancia ppu,Calle,Taller de ambulancia ppu,Calle Taller de ambulancia ppu entre Calle Taller de ambulancia ppu y Calle Taller de ambulancia ppu,200,Casco Historico,0.8
Calle,Hotelera Framboyanes,Calle,Hotelera Framboyanes,Calle,Hotelera Framboyanes,Calle Hotelera Framboyanes entre Calle Hotelera Framboyanes y Calle Hotelera Framboyanes,550,Casco Historico,4.5
Calle,Terminal de cruceros,Calle,Terminal de cruceros,Calle,Terminal de cruceros,Calle Terminal de cruceros entre Calle Terminal de cruceros y Calle Terminal de cruceros,370,Reina,2.7
Calle,18 planta frente a astro,Calle,18 planta frente a astro,Calle,18 planta frente a astro,Calle 18 planta frente a astro entre Calle 18 planta frente a astro y Calle 18 planta frente a astro,570,Pastorita,4.7
Calle,18 planta militares,Calle,18 planta militares,Calle,18 planta militares,Calle 18 planta militares entre Calle 18 planta militares y Calle 18 planta militares,550,Pastorita,4.5
Calle,Circulo infantil pastorita,Calle,Circulo infantil pastorita,Calle,Circulo infantil pastorita,Calle Circulo infantil pastorita entre Calle Circulo infantil pastorita y Calle Circulo infantil pastorita,580,Pastorita,4.8
Calle,Escuela de montaje,Calle,Escuela de montaje,Calle,Escuela de montaje,Calle Escuela de montaje entre Calle Escuela de montaje y Calle Escuela de montaje,530,Pastorita,4.3
Calle,"Carretera Palmira, 4 caminos",Calle,"Carretera Palmira, 4 caminos",Calle,"Carretera Palmira, 4 caminos","Calle Carretera Palmira, 4 caminos entre Calle Carretera Palmira, 4 caminos y Calle Carretera Palmira, 4 caminos",570,Pastorita,4.7
Calle,Laguna del cura,Calle,Laguna del cura,Calle,Laguna del cura,Calle Laguna del cura entre Calle Laguna del cura y Calle Laguna del cura,280,Punta Gorda,1.8
Calle,Playa alegre,Calle,Playa alegre,Calle,Playa alegre,Calle Playa alegre entre Calle Playa alegre y Calle Playa alegre,270,Punta Gorda,1.7
Calle,Los pinitos,Calle,Los pinitos,Calle,Los pinitos,Calle Los pinitos entre Calle Los pinitos y Calle Los pinitos,300,Punta Gorda,2
Calle,La punta,Calle,La punta,Calle,La punta,Calle La punta entre Calle La punta y Calle La punta,500,Punta Gorda,4
Calle,Playa Circulito,Calle,Playa Circulito,Calle,Playa Circulito,Calle Playa Circulito entre Calle Playa Circulito y Calle Playa Circulito,380,Punta Gorda,2.8
Calle,Base militar antes del aeropuerto,Calle,Base militar antes del aeropuerto,Calle,Base militar antes del aeropuerto,Calle Base militar antes del aeropuerto entre Calle Base militar antes del aeropuerto y Calle Base militar antes del aeropuerto,710,Caunao,6.2
Calle,Base militar somaton,Calle,Base militar somaton,Calle,Base militar somaton,Calle Base militar somaton entre Calle Base militar somaton y Calle Base militar somaton,820,Cantarrana,8.4
Calle,Guamajal circunvalación,Calle,Guamajal circunvalación,Calle,Guamajal circunvalación,Calle Guamajal circunvalación entre Calle Guamajal circunvalación y Calle Guamajal circunvalación,430,Tulipan,3.3
Calle,Parque Marti,Calle,Parque Marti,Calle,Parque Marti,Calle Parque Marti entre Calle Parque Marti y Calle Parque Marti,310,Casco Historico,2.1
Calle,Malecon,Calle,Malecon,Calle,Malecon,Calle Malecon entre Calle Malecon y Calle Malecon,300,Casco Historico,2
Calle,Viradero de la 3,Calle,Viradero de la 3,Calle,Viradero de la 3,Calle Viradero de la 3 entre Calle Viradero de la 3 y Calle Viradero de la 3,400,Junco Sur,3
Calle,Circulo infantil junco sur,Calle,Circulo infantil junco sur,Calle,Circulo infantil junco sur,Calle Circulo infantil junco sur entre Calle Circulo infantil junco sur y Calle Circulo infantil junco sur,310,Junco Sur,2.1
Calle,Escuela Jose Marti,Calle,Escuela Jose Marti,Calle,Escuela Jose Marti,Calle Escuela Jose Marti entre Calle Escuela Jose Marti y Calle Escuela Jose Marti,780,Caunao,7.6
Calle,Torre de ETECSA,Calle,Torre de ETECSA,Calle,Torre de ETECSA,Calle Torre de ETECSA entre Calle Torre de ETECSA y Calle Torre de ETECSA,250,Casco Historico,1.5
Calle,Policlinico caunao,Calle,Policlinico caunao,Calle,Policlinico caunao,Calle Policlinico caunao entre Calle Policlinico caunao y Calle Policlinico caunao,800,Caunao,8
Calle,RESTAURANT PEPE,Calle,RESTAURANT PEPE,Calle,RESTAURANT PEPE,Calle RESTAURANT PEPE entre Calle RESTAURANT PEPE y Calle RESTAURANT PEPE,240,Casco Historico,1.4
Calle,500 CEIBA,Calle,500 CEIBA,Calle,500 CEIBA,Calle 500 CEIBA entre Calle 500 CEIBA y Calle 500 CEIBA,580,Pastorita,4.8
Calle,CIRCULO DE ABUELOS PUEBLO GR,Calle,CIRCULO DE ABUELOS PUEBLO GR,Calle,CIRCULO DE ABUELOS PUEBLO GR,Calle CIRCULO DE ABUELOS PUEBLO GR entre Calle CIRCULO DE ABUELOS PUEBLO GR y Calle CIRCULO DE ABUELOS PUEBLO GR,420,Pueblo Grifo,3.2
Calle,EIDE,Calle,EIDE,Calle,EIDE,Calle EIDE entre Calle EIDE y Calle EIDE,260,La Juanita,1.6
Calle,RAPIDO DEL MALECON,Calle,RAPIDO DEL MALECON,Calle,RAPIDO DEL MALECON,Calle RAPIDO DEL MALECON entre Calle RAPIDO DEL MALECON y Calle RAPIDO DEL MALECON,280,Casco Historico,1.8
Calle,PALMITA,Calle,PALMITA,Calle,PALMITA,Calle PALMITA entre Calle PALMITA y Calle PALMITA,440,Pueblo Grifo,3.4
Calle,BALDOSA,Calle,BALDOSA,Calle,BALDOSA,Calle BALDOSA entre Calle BALDOSA y Calle BALDOSA,620,Pueblo Grifo,5.2
Calle,GAS PUNTA GOTICA,Calle,GAS PUNTA GOTICA,Calle,GAS PUNTA GOTICA,Calle GAS PUNTA GOTICA entre Calle GAS PUNTA GOTICA y Calle GAS PUNTA GOTICA,350,Punta Gotica,2.5
Calle,PLASTICOS ARREGLAR,Calle,PLASTICOS ARREGLAR,Calle,PLASTICOS ARREGLAR,Calle PLASTICOS ARREGLAR entre Calle PLASTICOS ARREGLAR y Calle PLASTICOS ARREGLAR,450,Pueblo Grifo,3.5
Calle,PALACIO DE LOS MATRIMONIOS,Calle,PALACIO DE LOS MATRIMONIOS,Calle,PALACIO DE LOS MATRIMONIOS,Calle PALACIO DE LOS MATRIMONIOS entre Calle PALACIO DE LOS MATRIMONIOS y Calle PALACIO DE LOS MATRIMONIOS,500,Buena vista,4
Calle,CIRCULO INFANTIL BUENA V,Calle,CIRCULO INFANTIL BUENA V,Calle,CIRCULO INFANTIL BUENA V,Calle CIRCULO INFANTIL BUENA V entre Calle CIRCULO INFANTIL BUENA V y Calle CIRCULO INFANTIL BUENA V,500,Buena vista,4
Calle,DELEGACION DEL MININT,Calle,DELEGACION DEL MININT,Calle,DELEGACION DEL MININT,Calle DELEGACION DEL MININT entre Calle DELEGACION DEL MININT y Calle DELEGACION DEL MININT,500,Pastorita,4
Calle,CRIS TU REY,Calle,CRIS TU REY,Calle,CRIS TU REY,Calle CRIS TU REY entre Calle CRIS TU REY y Calle CRIS TU REY,440,Buena vista,3.4
Calle,EDIF 22 C71,Avenida,78A,Avenida,80,Calle EDIF 22 C71 entre Avenida 78A y Avenida 80,450,Pueblo Grifo,3.5
Calle,EDIF 4 C63,Avenida,78,Avenida,78A,Calle EDIF 4 C63 entre Avenida 78 y Avenida 78A,380,Pueblo Grifo,2.8
Calle,EDIF 29 A78,Calle,65,Calle,67,Calle EDIF 29 A78 entre Calle 65 y Calle 67,400,Pueblo Grifo,3
Calle,EDIF 30 A78,Calle,65,Calle,67,Calle EDIF 30 A78 entre Calle 65 y Calle 67,400,Pueblo Grifo,3
Calle,EDIF 31 A78,Calle,65,Calle,67,Calle EDIF 31 A78 entre Calle 65 y Calle 67,400,Pueblo Grifo,3
Calle,EDIF 32 A78,Calle,65,Calle,67,Calle EDIF 32 A78 entre Calle 65 y Calle 67,400,Pueblo Grifo,3
Calle,EDIF 1  C71,Avenida,78,Avenida,78A,Calle EDIF 1  C71 entre Avenida 78 y Avenida 78A,440,Pueblo Grifo,3.4
Calle,EDIF 12 A78A,Calle,69,Calle,71,Calle EDIF 12 A78A entre Calle 69 y Calle 71,410,Pueblo Grifo,3.1
Calle,EDIF 57 A78,Calle,67,Calle,69,Calle EDIF 57 A78 entre Calle 67 y Calle 69,390,Pueblo Grifo,2.9
Calle,EDIF 58 A78,Calle,67,Calle,69,Calle EDIF 58 A78 entre Calle 67 y Calle 69,390,Pueblo Grifo,2.9
Calle,EDIF 59 A78,Calle,67,Calle,69,Calle EDIF 59 A78 entre Calle 67 y Calle 69,390,Pueblo Grifo,2.9
Calle,EDIF 66B A78,Calle,65,Calle,67,Calle EDIF 66B A78 entre Calle 65 y Calle 67,380,Pueblo Grifo,2.8
Calle,EDIF 18 C71,Avenida,78A,Avenida,80,Calle EDIF 18 C71 entre Avenida 78A y Avenida 80,450,Pueblo Grifo,3.5
Calle,EDIF 42B A78,Calle,71,Calle,73,Calle EDIF 42B A78 entre Calle 71 y Calle 73,440,Pueblo Grifo,3.4
Calle,EDIF 10 SALA DE VIDEO C65,Avenida,78A,Avenida,65A,Calle EDIF 10 SALA DE VIDEO C65 entre Avenida 78A y Avenida 65A,400,Pueblo Grifo,3
Calle,EDIF 26A C65,Avenida,78,Avenida,78A,Calle EDIF 26A C65 entre Avenida 78 y Avenida 78A,380,Pueblo Grifo,2.8
Calle,EDIF MODULO 1  C65,Avenida,78A,Avenida,65A,Calle EDIF MODULO 1  C65 entre Avenida 78A y Avenida 65A,400,Pueblo Grifo,3
Calle,EDIF 49 C81,Avenida,34,Avenida,36,Calle EDIF 49 C81 entre Avenida 34 y Avenida 36,280,Junco Sur,1.8
Calle,EDIF 22 LA MARINA A32,Calle,85,Calle,87,Calle EDIF 22 LA MARINA A32 entre Calle 85 y Calle 87,320,Junco Sur,2.2
Calle,EDIF 50 C81,Avenida,34,Avenida,36,Calle EDIF 50 C81 entre Avenida 34 y Avenida 36,280,Junco Sur,1.8
Calle,EDIF 52 C81,Avenida,34,Avenida,36,Calle EDIF 52 C81 entre Avenida 34 y Avenida 36,280,Junco Sur,1.8
Calle,EDIF 54 C81,Avenida,34,Avenida,36,Calle EDIF 54 C81 entre Avenida 34 y Avenida 36,280,Junco Sur,1.8
Calle,EDIF 21  BIOSALUDABLE,Calle,EDIF 21  BIOSALUDABLE,Calle,EDIF 21  BIOSALUDABLE,Calle EDIF 21  BIOSALUDABLE entre Calle EDIF 21  BIOSALUDABLE y Calle EDIF 21  BIOSALUDABLE,300,Junco Sur,2
Calle,EDIF 21  MARINA,Calle,EDIF 21  MARINA,Calle,EDIF 21  MARINA,Calle EDIF 21  MARINA entre Calle EDIF 21  MARINA y Calle EDIF 21  MARINA,340,Junco Sur,2.4
Calle,EDIF 18  MARINA,Calle,EDIF 18  MARINA,Calle,EDIF 18  MARINA,Calle EDIF 18  MARINA entre Calle EDIF 18  MARINA y Calle EDIF 18  MARINA,340,Junco Sur,2.4
Calle,EDIF 19  MARINA,Calle,EDIF 19  MARINA,Calle,EDIF 19  MARINA,Calle EDIF 19  MARINA entre Calle EDIF 19  MARINA y Calle EDIF 19  MARINA,340,Junco Sur,2.4
Calle,EDIF 20 MARINA,Calle,EDIF 20 MARINA,Calle,EDIF 20 MARINA,Calle EDIF 20 MARINA entre Calle EDIF 20 MARINA y Calle EDIF 20 MARINA,340,Junco Sur,2.4
Calle,EDIF 4 C81,Avenida,36,Avenida,36A,Calle EDIF 4 C81 entre Avenida 36 y Avenida 36A,270,Junco Sur,1.7
Calle,EDIF 5 A36A,Calle,79A,Calle,81,Calle EDIF 5 A36A entre Calle 79A y Calle 81,260,Junco Sur,1.6
Calle,EDIF 41 C89,Avenida,30,Avenida,32,Calle EDIF 41 C89 entre Avenida 30 y Avenida 32,350,Junco Sur,2.5
Calle,EDIF 35 C89,Avenida,30,Avenida,32,Calle EDIF 35 C89 entre Avenida 30 y Avenida 32,350,Junco Sur,2.5
Calle,EDIF 36 C89,Avenida,30,Avenida,32,Calle EDIF 36 C89 entre Avenida 30 y Avenida 32,350,Junco Sur,2.5
Calle,EDIF 30 C89,Avenida,28,Avenida,30,Calle EDIF 30 C89 entre Avenida 28 y Avenida 30,360,Junco Sur,2.6
Calle,EDIF 32 C87,Avenida,28,Avenida,30,Calle EDIF 32 C87 entre Avenida 28 y Avenida 30,360,Junco Sur,2.6
Calle,EDIF 38 C87,Avenida,30,Avenida,32,Calle EDIF 38 C87 entre Avenida 30 y Avenida 32,350,Junco Sur,2.5
Calle,EDIF 39 C87,Avenida,30,Avenida,32,Calle EDIF 39 C87 entre Avenida 30 y Avenida 32,350,Junco Sur,2.5
Calle,EDIF 13 A34,Calle,81,Calle,83,Calle EDIF 13 A34 entre Calle 81 y Calle 83,290,Junco Sur,1.9
Calle,EDIF 14 A34,Calle,81,Calle,83,Calle EDIF 14 A34 entre Calle 81 y Calle 83,290,Junco Sur,1.9
Calle,EDIF 47 C81,Avenida,32,Avenida,34,Calle EDIF 47 C81 entre Avenida 32 y Avenida 34,290,Junco Sur,1.9
Calle,EDIF 51 C81,Avenida,34,Avenida,36,Calle EDIF 51 C81 entre Avenida 34 y Avenida 36,280,Junco Sur,1.8
Calle,EDIF 6 A36,Calle,79,Calle,79A,Calle EDIF 6 A36 entre Calle 79 y Calle 79A,270,Junco Sur,1.7
Calle,EDIF 53 C79A,Avenida,34,Avenida,36,Calle EDIF 53 C79A entre Avenida 34 y Avenida 36,250,Junco Sur,1.5
Calle,EDIF 12 A36,Calle,79,Calle,79A,Calle EDIF 12 A36 entre Calle 79 y Calle 79A,270,Junco Sur,1.7
Calle,EDIF 55 A36 ,Calle,79,Calle,79A,Calle EDIF 55 A36  entre Calle 79 y Calle 79A,270,Junco Sur,1.7
Calle,EDIF 10 C79A,Avenida,36A,Avenida,38,Calle EDIF 10 C79A entre Avenida 36A y Avenida 38,250,Junco Sur,1.5
Calle,EDIF 11 A36A,Calle,79,Calle,79A,Calle EDIF 11 A36A entre Calle 79 y Calle 79A,270,Junco Sur,1.7
Calle,EDIF 9 A36A,Calle,79,Calle,79A,Calle EDIF 9 A36A entre Calle 79 y Calle 79A,270,Junco Sur,1.7
Calle,EDIF 7 A36A,Calle,79,Calle,79A,Calle EDIF 7 A36A entre Calle 79 y Calle 79A,270,Junco Sur,1.7
Calle,EDIF 3 A36A,Calle,79A,Calle,81,Calle EDIF 3 A36A entre Calle 79A y Calle 81,260,Junco Sur,1.6
Calle,EDIF 2 A38,Calle,79A,Calle,81,Calle EDIF 2 A38 entre Calle 79A y Calle 81,250,Junco Sur,1.5
Calle,EDIF 3801 C81,Avenida,38,Avenida,40,Calle EDIF 3801 C81 entre Avenida 38 y Avenida 40,250,Junco Sur,1.5
Calle,EDIF 79A01 C81,Avenida,40,Avenida,42,Calle EDIF 79A01 C81 entre Avenida 40 y Avenida 42,240,Junco Sur,1.4
Calle,EDIF 23 A42,Calle,79A,Calle,81,Calle EDIF 23 A42 entre Calle 79A y Calle 81,220,Junco Sur,1.2
Calle,EDIF 40 C87,Avenida,30,Avenida,32,Calle EDIF 40 C87 entre Avenida 30 y Avenida 32,340,Junco Sur,2.4
Calle,EDIF 37 C89,Avenida,30,Avenida,32,Calle EDIF 37 C89 entre Avenida 30 y Avenida 32,350,Junco Sur,2.5
Calle,EDIF 13 A72,Calle,97,Calle,99,Calle EDIF 13 A72 entre Calle 97 y Calle 99,510,Buena vista,4.1
Calle,EDIF 3 C89 ,Avenida,72,Avenida,74,Calle EDIF 3 C89  entre Avenida 72 y Avenida 74,440,Buena vista,3.4
Calle,EDIF 22 C99,Avenida,72,Avenida,74,Calle EDIF 22 C99 entre Avenida 72 y Avenida 74,460,Buena vista,3.6
Calle,EDIF G C35,Avenida,82,Avenida,84,Calle EDIF G C35 entre Avenida 82 y Avenida 84,510,Pastorita,4.1
Calle,EDIF E C33,Calle,33A,Avenida,84,Calle EDIF E C33 entre Calle 33A y Avenida 84,520,Pastorita,4.2
Calle,EDIF F C33,Calle,33A,Avenida,84,Calle EDIF F C33 entre Calle 33A y Avenida 84,520,Pastorita,4.2
Calle,EDIF 10 C29,Avenida,84A,Avenida,90,Calle EDIF 10 C29 entre Avenida 84A y Avenida 90,530,Pastorita,4.3
Calle,EDIF BLOQUE 1 A82,Calle,35,Calle,37,Calle EDIF BLOQUE 1 A82 entre Calle 35 y Calle 37,510,Pastorita,4.1
Calle,EDIF BLOQUE 2 A82,Calle,35,Calle,37,Calle EDIF BLOQUE 2 A82 entre Calle 35 y Calle 37,510,Pastorita,4.1
Calle,EDIF 4 REFINERIA C31,Avenida,86,Avenida,88,Calle EDIF 4 REFINERIA C31 entre Avenida 86 y Avenida 88,570,Pastorita,4.7
Calle,MODULO A C31,Avenida,84,Avenida,86,Calle MODULO A C31 entre Avenida 84 y Avenida 86,560,Pastorita,4.6
Calle,EDIF 8406 C31,Avenida,84,Avenida,86,Calle EDIF 8406 C31 entre Avenida 84 y Avenida 86,560,Pastorita,4.6
Calle,EDIF 16 A82,Calle,33,Avenida,82A,Calle EDIF 16 A82 entre Calle 33 y Avenida 82A,510,Pastorita,4.1
Calle,EDIF S A82,Calle,33,Avenida,83A,Calle EDIF S A82 entre Calle 33 y Avenida 83A,510,Pastorita,4.1
Calle,EDIF O A82,Calle,33,Avenida,82A,Calle EDIF O A82 entre Calle 33 y Avenida 82A,510,Pastorita,4.1
Calle,EDIF 4 A82,Avenida,82A,Calle,33,Calle EDIF 4 A82 entre Avenida 82A y Calle 33,510,Pastorita,4.1
Calle,EDIF T A82 ,Calle,33,Avenida,82A,Calle EDIF T A82  entre Calle 33 y Avenida 82A,510,Pastorita,4.1
Calle,EDIF 15 A28,Calle,59,Calle,61,Calle EDIF 15 A28 entre Calle 59 y Calle 61,200,Reparto de los Medicos,1
Calle,EDIF 2 C57,Avenida,40,Avenida,42,Calle EDIF 2 C57 entre Avenida 40 y Avenida 42,200,Reparto de los Medicos,0.3
Calle,EDIF 7 A28,Calle,57,Calle,59,Calle EDIF 7 A28 entre Calle 57 y Calle 59,200,Reparto de los Medicos,0.8
Calle,EDIF 26 C59,Avenida,34,Avenida,36,Calle EDIF 26 C59 entre Avenida 34 y Avenida 36,200,Reparto de los Medicos,0.5
Calle,EDIF 4 C16 NE,Calle,85,Calle,87,Calle EDIF 4 C16 NE entre Calle 85 y Calle 87,340,Tulipan,2.4
Calle,EDIF 4 C85,Calle,2 NE,Calle,4 NE,Calle EDIF 4 C85 entre Calle 2 NE y Calle 4 NE,450,Tulipan,3.5
Calle,EDIF 52 A24,Calle,59,Calle,61,Calle EDIF 52 A24 entre Calle 59 y Calle 61,220,Punta Gorda,1.2
Calle,EDIF 5 A60,Calle,69,Calle,71,Calle EDIF 5 A60 entre Calle 69 y Calle 71,250,La Juanita,1.5
Calle,EDIF 4601 C59,Avenida,46,Avenida,48,Calle EDIF 4601 C59 entre Avenida 46 y Avenida 48,200,La Juanita,0.5
Calle,EDIF 1 C45,Avenida,38,Avenida,40,Calle EDIF 1 C45 entre Avenida 38 y Avenida 40,200,Casco Historico,0.8
Calle,EDIF 10 C8 NE,Calle,65,Calle,67,Calle EDIF 10 C8 NE entre Calle 65 y Calle 67,260,La Juanita,1.6
Calle,EDIF 5902 A48,Calle,59,Calle,61,Calle EDIF 5902 A48 entre Calle 59 y Calle 61,200,La Juanita,0.9
Calle,EDIF 5704 A32,Calle,57,Calle,59,Calle EDIF 5704 A32 entre Calle 57 y Calle 59,200,Reparto de los Medicos,0.7
Calle,EDIF 18 CIRCUNVALACION,Avenida,74,Avenida,76,Calle EDIF 18 CIRCUNVALACION entre Avenida 74 y Avenida 76,630,Buena vista,5.3
Calle,EDIF 24 51A,Avenida,30,Avenida,32,Calle EDIF 24 51A entre Avenida 30 y Avenida 32,200,Reparto de los Medicos,1
Calle,EDIF 5A A78A,Calle,65,Calle,67,Calle EDIF 5A A78A entre Calle 65 y Calle 67,400,Pueblo Grifo,3
Calle,EDIF 28 A72,Calle,101,Calle,103,Calle EDIF 28 A72 entre Calle 101 y Calle 103,530,Buena vista,4.3